"FIPS_Code","County","State","NCHS_Score","Total_Population_2018","Total_Population_2020","Hispanic_Percent","Median_Household_Income","GINI_Index","Unemployment_Rate","Uninsured_Percentage","SNAP_Percent","Poverty_Percent_All","Poverty_Percent_Under_18","Veteran_Percentage","Education_GED_Percent","Education_Highschool_Percent","Education_Bachelors_Percent","Education_Masters_Percent","Education_Professional_Percent","Education_Doctorate_Percent","Alcohol_Abuse","Autism_Spectrum_Disorders","Depression","Drug_Abuse_Substance_Abuse","Schizophrenia_Other_Psychotic_Disorders","Opioid_Prescriptions_per_100","LCDC_Total","LCDCs_per_100k","LCSW_Total","LCSWs_per_100k","LPC_Total","LPCs_per_100k","LBSW_Total","LBSWs_per_100k","LMSW_Total","LMSWs_per_100k","PCP_Total","PCPs_per_100k","Psychiatrists_Total","Psychiatrists_per_100k","I35_Corridor","Total_Traffic_Fatalities","Total_Traffic_Fatalities_BAC_.08","Jail_Population_Total","Jail_Population_Pretrial"
48001,"Anderson","TX",5,58057,58199,0.178876668335722,"45847",0.4387,3.2,30.9357047080994,0.124735729386892,20.9,27.6,5.62307931355961,0.128661878661879,0.261623511623512,0.0718200718200718,0.0315866565866566,0.00489037989037989,0.00474862974862975,"1.5184","0.1687","21.1656","5.7975","3.3282","36.4",7,12,3,5.2,29,49.8,14,24.1,13,22.3,35,60.1,"4","6.9","Non I-35 Corridor","7","3","182","112"
48003,"Andrews","TX",5,18128,22269,0.568607011576233,"75147",0.4589,3.7,24.4458824396133,0.0858559036997699,9.2,12,3.61633530360022,0.0724597953216374,0.261604532163743,0.109100877192982,0.0263157894736842,0.00904605263157895,0.00484283625730994,"1.4892","0","14.3708","1.7126","1.787","11.6",1,4.5,0,0,3,13.5,1,4.5,1,4.5,9,40.4,"0","0","Non I-35 Corridor","3","1","22","30"
48005,"Angelina","TX",5,87092,90437,0.222890529046477,"49684",0.4423,4.6,17.5960138440132,0.193318031114512,17,25.1,6.48069911453209,0.0665608484066212,0.241021436918944,0.12476670562174,0.0438331792572954,0.00757007552632956,0.00566883535957859,"2.2809","0.6254","17.7872","2.9983","3.5869","58.3",18,19.9,12,13.3,61,67.5,58,64.1,27,29.9,84,92.9,"12","13.3","Non I-35 Corridor","10","3","244","225"
48007,"Aransas","TX",3,23792,27699,0.279892650701899,"47924",0.5242,5.3,23.7079069018364,0.148129474639508,17.1,30.8,10.7553503986572,0.0690023019482342,0.222109932064455,0.157318511032508,0.0505867160743361,0.0143169951153781,0.00943237325248442,"2.5957","","18.1161","6.1547","2.2746","17",2,7.2,4,14.4,15,54.2,4,14.4,1,3.6,8,28.9,"1","3.6","Non I-35 Corridor","1","0","195","173"
48009,"Archer","TX",4,8786,8344,0.082133881654101,"63958",0.4681,3.1,21.9790354371071,0.0816965556504412,6.9,11.2,6.58878504672897,0.0499031007751938,0.315568475452196,0.14405684754522,0.0518410852713178,0.0188953488372093,0.00823643410852713,"1.3928","","21.3092","4.805","1.6017","0.5",3,36,0,0,7,83.9,6,71.9,4,47.9,0,0,"0","0","Non I-35 Corridor","4","1","18.93","13.11"
48011,"Armstrong","TX",3,1892,1948,0.0846153846153846,"69386",0.358,2.4,23.2821360230446,0.025,9.3,12.4,7.03463203463203,0.0201793721973094,0.217488789237668,0.17339312406577,0.0732436472346786,0.00896860986547085,0.00149476831091181,"","0","16.2651","","4.2169","20.3",0,0,0,0,1,51.3,1,51.3,0,0,0,0,"0","0","Non I-35 Corridor","1","1","3","2"
48013,"Atascosa","TX",2,50310,51831,0.647308443240228,"59251",0.4411,4.2,23.8479003310204,0.135903278896063,14.9,22,6.55356158510443,0.051946434132669,0.344783556524447,0.113702896293989,0.0304889442541264,0.00691373403924011,0.00202429149797571,"2.3009","","17.5026","3.2834","3.7746","20",8,15.4,2,3.9,13,25.1,2,3.9,7,13.5,18,34.7,"3","5.8","Non I-35 Corridor","9","3","114","98"
48015,"Austin","TX",2,29989,30402,0.272280208751505,"64468",0.4275,3.8,19.623938202858,0.0899818480421817,11.4,18,5.35353200517121,0.0355987055016181,0.298764342453663,0.160341276846131,0.0493772678238698,0.0122585074041385,0.0075512405609493,"1.4181","","14.6619","1.7979","1.8992","20.3",1,3.3,0,0,11,36.2,1,3.3,2,6.6,8,26.3,"0","0","Non I-35 Corridor","9","3","50","47"
48017,"Bailey","TX",6,7027,7692,0.657605552342394,"55038",0.4283,3.5,27.2771567106247,0.129377431906615,14.4,23.3,4.34530706836616,0.0985294117647059,0.303186274509804,0.116176470588235,0.0176470588235294,0.0174019607843137,0.0225490196078431,"1.3953","0","15.6977","1.2791","2.093","23.2",1,13,0,0,4,52,0,0,0,0,2,26,"0","0","Non I-35 Corridor","2","2","41","30"
48019,"Bandera","TX",2,22824,21246,0.192841458058849,"60361",0.4352,3.3,23.8479003310204,0.0763481660342647,11,21.3,13.279938612057,0.0386575797491553,0.280339041292022,0.15296947482962,0.048679915239677,0.0151766794570758,0.00738789301872745,"1.6646","","17.604","3.3291","1.5637","9.6",8,37.7,3,14.1,16,75.3,0,0,4,18.8,8,37.7,"0","0","Non I-35 Corridor","5","1","54","58"
48021,"Bastrop","TX",2,86976,86105,0.387913264777347,"71820",0.418,3.1,27.741950750351,0.0855843808504948,10.8,16.4,5.93523699802502,0.052747791952895,0.253382167391,0.145906350764054,0.0471926258236366,0.00879714005327352,0.0134585728305061,"2.3939","","18.6427","3.6247","2.4277","13.3",32,37.2,24,27.9,55,63.9,8,9.3,18,20.9,25,29,"1","1.2","I-35 Corridor","24","9","304","271"
48023,"Baylor","TX",6,3582,3624,0.15252808988764,"40946",0.4516,2.6,21.9790354371071,0.101789019123998,15.3,21.8,6.40692640692641,0.0621290067273447,0.316580925999209,0.170953700039573,0.035615354174911,0.00316580925999209,0,"1.7949","","20.8974","4.2308","3.0769","33.8",0,0,0,0,2,55.2,1,27.6,0,0,6,165.6,"0","0","Non I-35 Corridor","3","1","7.07","4.89"
48025,"Bee","TX",5,32587,34445,0.592259805575148,"45287",0.4743,6.3,23.7079069018364,0.157312625014708,23.1,26.1,6.18095146068863,0.127013407720687,0.208899487087195,0.0561504544227481,0.0324844776388014,0.0137676594978854,0.00544407450733375,"2.6349","","18.6115","5.5207","2.6767","14.1",5,14.5,1,2.9,12,34.8,5,14.5,3,8.7,14,40.6,"0","0","Non I-35 Corridor","5","2","98","70"
48027,"Bell","TX",3,355642,353629,0.253373629463031,"54987",0.4406,4.1,15.4006317257881,0.136607632786468,14.7,21.4,15.0299341421892,0.0477372788274277,0.209635140249024,0.166808192499746,0.0632758923049943,0.0148786723646198,0.00836233074587191,"2.4743","0.1624","19.3586","3.7321","2.73","53.8",97,27.4,204,57.7,355,100.4,70,19.8,206,58.3,304,86,"40","11.3","Non I-35 Corridor","48","20","797","257"
48029,"Bexar","TX",1,1986049,2093502,0.604964761934602,"58288",0.4692,3.6,17.4580678343773,0.132532064459376,15,20.5,7.97288043142868,0.0476605624163727,0.20349574844598,0.17948039449633,0.0749576104667692,0.0191199830520621,0.0111421665796431,"1.7822","0.2527","16.3502","3.1242","2.6771","44.1",508,24.3,730,34.9,1948,93,181,8.6,1071,51.2,1714,81.9,"223","10.7","I-35 Corridor","182","73","3867","3657"
48031,"Blanco","TX",6,11702,11504,0.197477201056848,"70397",0.4961,2.5,21.7678442597389,0.0664523043944266,9.8,14.6,8.95902936521892,0.0463056396457002,0.228949433793026,0.193295212467765,0.0578540195089136,0.0214149568337258,0.00896961542773854,"2.0659","","14.0679","2.607","1.033","7",3,26.1,2,17.4,6,52.2,1,8.7,3,26.1,4,34.8,"0","0","I-35 Corridor","4","3","24","11"
48033,"Borden","TX",6,648,685,0.130168453292496,"83281",0.3815,2,24.1987973451614,0.0448430493273543,7.5,8.5,8.71632329635499,0.0299539170506912,0.179723502304147,0.361751152073733,0.0898617511520737,0,0,"","0","","0","","",0,0,0,0,0,0,0,0,0,0,0,0,"0","0","Non I-35 Corridor","2","0","1.61","0.45"
48035,"Bosque","TX",6,18691,17765,0.187703494682006,"57337",0.4143,3.3,20.4605266451836,0.1013094417643,12.5,19.2,7.98464491362764,0.0544808825751851,0.275124678857488,0.129892700619616,0.0361946501435696,0.00906755327187547,0.0101254344869276,"2.0747","","19.3983","2.2476","3.2503","13.9",5,28.1,1,5.6,7,39.4,4,22.5,4,22.5,12,67.5,"0","0","Non I-35 Corridor","6","4","29","21"
48037,"Bowie","TX",4,94324,92570,0.0774497447181218,"51796",0.4917,4.3,20.0122356414795,0.115304961642797,17.4,23.4,7.80144897893275,0.0646795123869446,0.273975619347228,0.142335823830122,0.0582618953991349,0.012504915454188,0.00577270939834841,"1.5431","0.1163","18.4166","3.1483","2.9777","104",20,21.6,16,17.3,63,68.1,14,15.1,19,20.5,109,117.7,"6","6.5","Non I-35 Corridor","16","4","793","453"
48039,"Brazoria","TX",2,370200,375869,0.309985817606816,"83325",0.4185,4.8,18.9304128289223,0.0784158989885976,8.3,10,5.26703419876301,0.0577611934103427,0.192505489305712,0.199258684309925,0.0769872531887782,0.018632509141925,0.015988510852015,"1.6638","0.2216","16.4082","2.8522","2.6145","27.9",66,17.6,65,17.3,210,55.9,31,8.2,86,22.9,217,57.7,"16","4.3","Non I-35 Corridor","41","14","894","521"
48041,"Brazos","TX",4,226758,229410,0.258612006891373,"50289",0.5134,2.8,14.7291049361229,0.0905733984346247,22.3,19.5,4.05945717108048,0.0459744595472449,0.159270131813734,0.223261053687578,0.104628693128089,0.0257706950851485,0.0604468345791088,"1.6265","0.1925","19.0002","2.3435","2.7352","39.7",45,19.6,24,10.5,153,66.7,27,11.8,48,20.9,224,97.6,"11","4.8","Non I-35 Corridor","18","6","658","425"
48043,"Brewster","TX",6,9267,9133,0.451522045282201,"45296",0.4664,3.2,24.4458824396133,0.116029822926375,14,16.6,8.50618059920386,0.0293430656934307,0.154014598540146,0.272116788321168,0.0970802919708029,0.0144525547445255,0.0239416058394161,"2.2777","","12.05","","1.543","20.2",1,10.9,1,10.9,13,142.3,1,10.9,1,10.9,12,131.4,"0","0","Non I-35 Corridor","2","1","41","47"
48045,"Briscoe","TX",6,1516,1568,0.361275964391691,"37875",0.4392,3.1,23.2821360230446,0.0629251700680272,13.4,22.8,5.15679442508711,0.063913470993117,0.294985250737463,0.131760078662734,0.023598820058997,0.0147492625368732,0.00491642084562439,"","0","14.8026","","","0.2",0,0,0,0,0,0,0,0,0,0,0,0,"0","0","Non I-35 Corridor","","","",""
48047,"Brooks","TX",6,7114,7175,0.917464788732394,"25058",0.5209,6.4,22.7710723876953,0.313131313131313,28.7,45,3.94290559638214,0.0659192825112108,0.195739910313901,0.126457399103139,0.0374439461883408,0,0,"2.0089","","22.7679","3.683","3.5714","18.3",0,0,0,0,0,0,0,0,0,0,1,13.9,"0","0","Non I-35 Corridor","4","2","588","633"
48049,"Brown","TX",5,37924,38923,0.22526120883481,"49180",0.4645,3.8,27.9468238353729,0.113179143287259,15.6,22.3,7.79629872686704,0.0746713543258942,0.27675022928768,0.149648425557933,0.0397814124121064,0.00489147049831856,0.00672577193518802,"1.5848","0.3108","21.1156","2.1442","4.8167","59.7",29,74.5,7,18,51,131,21,54,15,38.5,30,77.1,"1","2.6","Non I-35 Corridor","7","3","156","150"
48051,"Burleson","TX",4,18389,17718,0.208696605801393,"60058",0.4434,3.3,18.638750910759,0.0920502092050209,13.1,19.9,7.19306201110985,0.0398108001576665,0.329286558927868,0.15522270398108,0.0415451320457233,0.00851399290500591,0.00756799369333859,"2.0416","0","16.2596","2.4061","2.479","16.9",1,5.6,0,0,0,0,0,0,0,0,4,22.6,"0","0","Non I-35 Corridor","6","3","62","63"
48053,"Burnet","TX",6,47542,48196,0.2234583999327,"59919",0.43,2.7,12.8642752766609,0.0597676023930051,9.5,16.4,7.83228170160798,0.0432549578434865,0.26071725448284,0.17266357914737,0.0694098088113051,0.015437596484978,0.0100047500296877,"2.021","","15.9783","3.9283","1.7936","13.9",19,39.4,10,20.7,26,53.9,4,8.3,7,14.5,45,93.4,"3","6.2","Non I-35 Corridor","9","4","428","452"
48055,"Caldwell","TX",2,43247,44284,0.530630357101151,"59846",0.4445,3.2,27.741950750351,0.087846667634674,12.7,18.6,5.18710633567988,0.0637057950555616,0.314113005393275,0.106381438447895,0.0373185651717523,0.00220798494226662,0.00202700256994969,"2.324","","17.9245","3.9577","3.1753","6.5",12,27.1,13,29.4,19,42.9,3,6.8,9,20.3,15,33.9,"0","0","I-35 Corridor","13","6","194","100"
48057,"Calhoun","TX",5,21561,22840,0.491429902189101,"57170",0.4052,3.3,22.8458166122437,0.151613305095303,12.4,21.4,6.46573162240127,0.0572764057485698,0.251918515417888,0.111413422631506,0.0501604576531324,0.00258127528952142,0.0109529789312125,"1.8654","","18.4877","1.8321","3.1979","29.8",0,0,2,8.8,10,43.8,1,4.4,1,4.4,16,70.1,"0","0","Non I-35 Corridor","4","2","56","32"
48059,"Callahan","TX",4,13994,13456,0.0982162045991833,"51955",0.4175,3.3,27.9468238353729,0.0878629932985853,12.2,19,8.78319229646922,0.0760825982357658,0.27205292702486,0.169306335204491,0.0423015236567763,0.0066158781074579,0.006214915797915,"1.8114","0","17.9749","2.7868","2.601","6.7",3,22.3,2,14.9,4,29.7,3,22.3,2,14.9,2,14.9,"1","7.4","Non I-35 Corridor","6","1","6","5"
48061,"Cameron","TX",3,423908,427881,0.898328733698935,"41200",0.4754,6.1,29.8536658287048,0.236224875559196,24.4,34.6,3.81789808962583,0.0414306105627149,0.219681952514023,0.125707163104883,0.0418286725236726,0.00867292575541304,0.00531553446854707,"2.2909","0.2913","20.3517","2.3376","3.6755","22.3",59,13.8,52,12.2,212,49.5,77,18,83,19.4,254,59.4,"20","4.7","Non I-35 Corridor","23","11","1115","902"
48063,"Camp","TX",6,13033,13322,0.254444272685114,"49539",0.4615,4.1,22.6406246423721,0.171748878923767,16.7,24.8,7.03626444159178,0.0594364196069145,0.274449443523561,0.144091877811982,0.053516457494672,0.011011129528771,0.0101823348330571,"1.59","","14.5372","2.7257","3.7479","38.1",3,22.5,0,0,5,37.5,2,15,3,22.5,12,90.1,"0","0","Non I-35 Corridor","5","2","26","10"
48065,"Carson","TX",3,6005,5799,0.102232667450059,"74246",0.3824,2.7,23.2821360230446,0.0355917667238422,8.3,10.7,6.88823833304632,0.0516990291262136,0.246844660194175,0.192233009708738,0.0839805825242718,0.00145631067961165,0.00145631067961165,"","","14.7668","2.8497","2.4611","2.7",0,0,0,0,2,34.5,2,34.5,0,0,0,0,"0","0","Non I-35 Corridor","9","6","25","25"
48067,"Cass","TX",6,30119,30327,0.0469635357642824,"47539",0.4491,4.6,20.0122356414795,0.151396087610767,17.7,25.6,8.7474520278344,0.0699904580152672,0.356727099236641,0.127242366412214,0.0392652671755725,0.0071087786259542,0.00949427480916031,"1.2934","","18.3946","3.2232","3.0179","44.5",3,9.9,4,13.2,11,36.3,4,13.2,3,9.9,9,29.7,"1","3.3","Non I-35 Corridor","13","3","86","62"
48069,"Castro","TX",6,7665,7103,0.648062425605079,"49900",0.4437,2.5,23.2821360230446,0.133750488854126,15.3,20.4,2.64550264550265,0.0806347844735149,0.262491957966974,0.123740081492601,0.0272356851812138,0,0.0135106154835943,"1.812","0","11.0985","1.6988","1.6988","9.7",1,14.1,0,0,2,28.2,2,28.2,0,0,4,56.3,"0","0","Non I-35 Corridor","1","0","18","11"
48071,"Chambers","TX",2,42454,42320,0.231847971623875,"95989",0.4417,5.9,24.7739434242249,0.0687648955558671,9.3,11,4.80556569538984,0.042108384609682,0.223515457039069,0.148899102972793,0.0517087997627697,0.0196456371858551,0.00455927051671732,"1.1181","","17.0298","4.6732","1.9209","8.2",9,21.3,2,4.7,13,30.7,1,2.4,2,4.7,6,14.2,"0","0","Non I-35 Corridor","8","2","98","40"
48073,"Cherokee","TX",5,52592,52178,0.23436693987505,"50199",0.4386,4.4,21.0098430514336,0.14789644012945,16.7,24.4,6.20487185590732,0.0752189141856392,0.239959136018681,0.115265615878576,0.0441914769410391,0.00604203152364273,0.00884413309982487,"1.6355","","19.264","3.3024","3.5383","28.5",10,19.2,9,17.2,34,65.2,35,67.1,4,7.7,35,67.1,"13","24.9","Non I-35 Corridor","12","6","130","74"
48075,"Childress","TX",6,7291,7062,0.350464053192963,"43564",0.4394,2.9,23.2821360230446,0.0987868284228769,21.4,24.1,4.60684273709484,0.130003812428517,0.2472359893252,0.148494090735799,0.0213495996950057,0.0152497140678612,0.00247807853602745,"2.7685","0","14.5072","2.5471","1.9934","63.9",0,0,1,14.2,3,42.5,1,14.2,0,0,10,141.6,"0","0","Non I-35 Corridor","1","0","60","65"
48077,"Clay","TX",4,10456,9787,0.0653006510915358,"63125",0.4172,3.4,21.9790354371071,0.113729261841789,11.1,14.6,8.54374633000587,0.0578284815106216,0.290715971675846,0.171911880409127,0.0536323105166536,0.00563860477314451,0.004982953055337,"1.6446","0","20.6897","5.6233","1.9629","12.6",2,20.4,0,0,5,51.1,2,20.4,0,0,5,51.1,"0","0","Non I-35 Corridor","5","1","20","21"
48079,"Cochran","TX",6,2836,3348,0.591258741258741,"41000",0.4703,4.8,27.2771567106247,0.174463937621832,19.2,29.4,4.20102080879466,0.0537234042553192,0.292021276595745,0.0627659574468085,0.0148936170212766,0.00478723404255319,0,"","","14.0921","","","17.6",1,29.9,0,0,2,59.7,1,29.9,0,0,1,29.9,"0","0","Non I-35 Corridor","","","3","1"
48081,"Coke","TX",6,3370,3215,0.220436628259551,"45072",0.4325,3.5,24.1987973451614,0.0775384615384615,11.4,18,7.8234398782344,0.045582896329165,0.287212585720048,0.137958854376765,0.0657523194836628,0.00968132311415893,0.00847115772488907,"","0","16.8831","3.4091","3.2468","",0,0,0,0,2,62.2,1,31.1,2,62.2,0,0,"0","0","Non I-35 Corridor","1","0","",""
48083,"Coleman","TX",6,8397,8478,0.177031759449342,"46948",0.479,4.1,27.9468238353729,0.0942153493699885,16,28.1,9.03175429463821,0.059077331563226,0.302024560238965,0.117324925323598,0.0356787255227348,0.00995685363425158,0.00564221705940923,"0.9709","","16.4509","1.5102","1.9417","14.3",2,23.6,0,0,1,11.8,2,23.6,0,0,4,47.2,"0","0","Non I-35 Corridor","3","1","7","2"
48085,"Collin","TX",1,1005146,1039369,0.153469352052308,"100541",0.4324,2.9,10.2730318903923,0.0274179540638941,6.2,6.7,4.17467929899057,0.0193756955213333,0.125383338894987,0.337816882161888,0.150946814984153,0.0268001262319315,0.0167181811730208,"1.3896","0.1328","19.5319","2.2956","2.2434","29.7",128,12.3,276,26.6,1071,103,79,7.6,364,35,1055,101.5,"109","10.5","Non I-35 Corridor","57","23","1010","705"
48087,"Collingsworth","TX",6,2962,3210,0.317795168424634,"41202",0.5497,2.7,23.2821360230446,0.224489795918367,16.9,25.5,7.12669683257919,0.0303823991618649,0.187008905185961,0.182294394971189,0.0282870612886328,0.00733368255631221,0.00523834468308015,"","0","14.7705","2.7944","2.5948","14.2",0,0,0,0,1,31.2,0,0,0,0,1,31.2,"0","0","Non I-35 Corridor","","","10","4"
48089,"Colorado","TX",6,21217,21273,0.302242824366718,"52663",0.4653,3.4,19.623938202858,0.0775329212577264,12.7,18.4,6.32387994357153,0.0392715646069368,0.341627858483353,0.141030096615,0.0289149927017446,0.0147355251268506,0.00604712587752832,"1.248","","14.6906","1.118","2.8861","22",6,28.2,1,4.7,4,18.8,2,9.4,1,4.7,20,94,"0","0","Non I-35 Corridor","9","2","46","53"
48091,"Comal","TX",2,148373,147330,0.277281243075188,"80781",0.4425,3.1,11.9103357195854,0.0438573993331624,7.5,9.4,8.33431371941969,0.0403862615537025,0.213905800655952,0.246597608948649,0.103769320291235,0.0184570697598369,0.0103490396360524,"1.5732","0.1675","15.4022","2.5577","1.6341","32.6",18,12.2,52,35.3,145,98.4,16,10.9,56,38,112,76,"8","5.4","I-35 Corridor","20","7","282","196"
48093,"Comanche","TX",6,13534,13075,0.283003603736118,"54889",0.4284,3,27.9468238353729,0.0919497784342688,15.9,24,6.56907459173165,0.06582878335222,0.261254764602864,0.143504687339034,0.0468733903368703,0.00329659008962604,0.00762336458226022,"1.2505","","17.7413","1.3286","2.0711","52.1",4,30.6,1,7.6,5,38.2,9,68.8,1,7.6,12,91.8,"0","0","Non I-35 Corridor","2","0","42","29"
48095,"Concho","TX",6,4276,4147,0.401259111994698,"53333",0.4399,2.6,24.1987973451614,0.0821917808219178,13.5,20.9,5.32848925219497,0.073252406864797,0.231896190874843,0.106739221431561,0.0251151109250733,0,0,"","0","16.7002","2.6157","2.8169","1.1",0,0,0,0,0,0,0,0,0,0,1,24.1,"0","0","Non I-35 Corridor","1","0","14.02","8.34"
48097,"Cooke","TX",5,40574,39727,0.182447808449589,"62733",0.4353,3.1,24.2695182561874,0.0972955569864778,11.3,16.1,6.42219448977633,0.0563236792315529,0.251964779508077,0.147285693494397,0.0469363993596274,0.0143356134478242,0.00909620142628438,"1.6189","","16.4496","2.9959","2.3074","31.5",5,12.6,3,7.6,24,60.4,15,37.8,2,5,17,42.8,"0","0","Non I-35 Corridor","5","1","70","38"
48099,"Coryell","TX",3,74808,78317,0.187480152429343,"54712",0.4069,4.1,12.8642752766609,0.108941049991041,12.7,16.8,14.839998555835,0.0860642033104832,0.191794850359472,0.112376692860726,0.0493437552248788,0.00374101320849356,0.00376191272362481,"2.5535","0.2461","20.12","4.9223","2.6611","14.3",28,35.8,34,43.4,62,79.2,11,14,31,39.6,21,26.8,"1","1.3","Non I-35 Corridor","13","5","77","74"
48101,"Cottle","TX",6,1389,1510,0.192733990147783,"40250",0.4961,3,21.9790354371071,0.250355618776671,17.9,31.7,4.42028985507246,0.050656660412758,0.220450281425891,0.118198874296435,0.0656660412757974,0.00187617260787992,0.00281425891181989,"","0","11.5789","0","","",0,0,0,0,0,0,0,0,0,0,0,0,"0","0","Non I-35 Corridor","","","",""
48103,"Crane","TX",6,4794,6209,0.649715129774214,"54596",0.4308,6.3,24.4458824396133,0.0253333333333333,9,12.9,3.55080213903743,0.0668767507002801,0.29936974789916,0.0983893557422969,0.0210084033613445,0.0136554621848739,0,"2.9557","","19.2118","2.7094","3.9409","14.6",0,0,0,0,0,0,0,0,0,0,2,32.2,"0","0","Non I-35 Corridor","2","0","12","3"
48105,"Crockett","TX",6,3499,4040,0.621868552903036,"46695",0.373,4.5,24.1987973451614,0.0731707317073171,12.4,17.7,5.87475790832795,0.0433023067583974,0.43140428976123,0.0526102792391744,0.0441116956697693,0,0,"","0","10.7724","","2.6423","26.6",0,0,0,0,1,24.8,0,0,0,0,1,24.8,"0","0","Non I-35 Corridor","8","1","30","10"
48107,"Crosby","TX",3,5779,6464,0.562662958456458,"42470",0.5183,3.6,27.2771567106247,0.232558139534884,19.8,30.3,4.71459185661407,0.0830218900160171,0.244527495995729,0.113187399893219,0.0312333155365723,0.00293646556326749,0.00133475707421249,"2.2107","","17.6853","2.0806","3.1209","17.4",0,0,0,0,3,46.4,3,46.4,1,15.5,1,15.5,"0","0","Non I-35 Corridor","1","1","8","10"
48109,"Culberson","TX",6,2204,2245,0.831882730187815,"34853",0.3905,2.9,24.4458824396133,0.251497005988024,18.6,29.4,5.53016453382084,0.0176553672316384,0.305790960451977,0.149011299435028,0.000706214689265537,0.00564971751412429,0.00918079096045198,"","0","12.3249","","","71.9",1,44.5,1,44.5,0,0,0,0,0,0,2,89.1,"0","0","Non I-35 Corridor","3","2","10","0"
48111,"Dallam","TX",6,7200,7237,0.463971397139714,"58956",0.4951,1.8,23.2821360230446,0.098122866894198,11.1,16,5.34082923401265,0.072480181200453,0.212231030577576,0.13272933182333,0.034881087202718,0,0.00249150622876557,"","0","9.2375","1.6129","2.0528","19.4",0,0,0,0,0,0,1,13.8,0,0,0,0,"0","0","Non I-35 Corridor","3","1","17.9","10.85"
48113,"Dallas","TX",1,2637772,2734111,0.402286022372927,"61870",0.4909,3.7,21.4845776557922,0.106379942409904,13.7,20.1,4.07822496622396,0.0333627601352012,0.192154249406079,0.204481490462574,0.085703139497863,0.0235398604707142,0.0111147935785936,"1.897","0.1674","19.7851","3.8785","3.1388","45.9",505,18.5,972,35.6,2535,92.7,307,11.2,1224,44.8,2424,88.7,"300","11","Non I-35 Corridor","305","124","5210","4005"
48115,"Dawson","TX",5,12619,13592,0.580434275040859,"40469",0.5129,4.6,24.1987973451614,0.146049661399549,18.7,24.4,3.71708413615928,0.0801432452457397,0.256359594961719,0.116325018523092,0.0206223758952828,0.00530995307483329,0.00234625833539145,"1.0566","","12.3679","1.4916","1.9267","9.1",0,0,2,14.7,4,29.4,3,22.1,2,14.7,6,44.1,"0","0","Non I-35 Corridor","2","1","39","20"
48117,"Deaf Smith","TX",5,18760,18143,0.735295697480797,"49790",0.392,2.5,23.2821360230446,0.157773005121427,15.5,22.6,2.85745035785395,0.0760313983205549,0.301661190215407,0.0852500912741877,0.0214494341000365,0.00629791894852136,0.0070281124497992,"1.2848","0","11.4026","1.6595","1.9807","4.9",0,0,1,5.5,6,33.1,8,44.1,5,27.6,6,33.1,"0","0","Non I-35 Corridor","3","1","73","41"
48119,"Delta","TX",6,5349,5367,0.0828122039037332,"49868",0.4545,3.6,20.7215860486031,0.0977734753146176,14.3,21.5,7.83938814531549,0.072122052704577,0.266574202496533,0.139805825242718,0.0679611650485437,0.00110957004160888,0.0072122052704577,"","","15.8849","3.9446","3.9446","4.2",0,0,0,0,3,55.9,0,0,1,18.6,0,0,"0","0","Non I-35 Corridor","","","17","6"
48121,"Denton","TX",2,859064,897953,0.193648527892862,"90354",0.4296,2.9,12.2009098529816,0.0446662341766888,6.9,7.6,4.76025515709019,0.0265885233262086,0.149509730742684,0.307795658794375,0.118730691751218,0.0177965193780614,0.0132424510125909,"1.4876","0.2331","18.8744","2.7137","2.3043","30.7",146,16.3,211,23.5,941,104.8,89,9.9,322,35.9,496,55.2,"47","5.2","Non I-35 Corridor","55","20","1188","781"
48123,"DeWitt","TX",6,20187,21737,0.356680021763862,"53815",0.5028,3.1,19.5224091410637,0.120621427524549,20.5,27.6,6.10371267150928,0.0928087217834929,0.306939688308058,0.0914808861555664,0.0215948004752254,0.00580054511146831,0.00321475994129569,"1.801","","16.1172","5.0061","2.8083","34.8",0,0,3,13.8,11,50.6,1,4.6,6,27.6,13,59.8,"","","Non I-35 Corridor","4","1","115","60"
48125,"Dickens","TX",6,2249,2174,0.295142071494042,"41141",0.4957,3.4,27.2771567106247,0.111498257839721,18.9,27.7,8.98305084745763,0.0517560073937153,0.281577325939618,0.113986444855206,0.0480591497227357,0.0141712877387554,0.00985828712261245,"","0","15.7025","","","",1,46,0,0,0,0,1,46,0,0,0,0,"0","0","Non I-35 Corridor","1","0","371.02","211.88"
48127,"Dimmit","TX",6,10308,11743,0.873534010946052,"25996",0.4948,3.7,26.7224907875061,0.231277533039648,25.5,34.4,4.93325594892629,0.0962848297213622,0.208978328173375,0.0808049535603715,0.0521671826625387,0.0108359133126935,0.00464396284829721,"2.1739","","16.7297","1.7013","2.4575","6",0,0,0,0,2,17,1,8.5,0,0,7,59.6,"0","0","Non I-35 Corridor","6","3","66","64"
48129,"Donley","TX",6,3319,3410,0.112752487187217,"51875",0.4196,2.8,23.2821360230446,0.0342261904761905,16.3,24.8,6.9060773480663,0.0480507706255666,0.246600181323663,0.128286491387126,0.0462375339981868,0.00498640072529465,0.0013599274705349,"2.8939","0","17.0418","2.2508","5.1447","0.4",0,0,0,0,0,0,2,58.7,0,0,1,29.3,"0","0","Non I-35 Corridor","2","1","12","9"
48131,"Duval","TX",6,11212,11796,0.892531713417902,"45349",0.4304,5.4,37.2842580080032,0.27560904021133,20,32.1,5.54368833282474,0.0416199551569507,0.262331838565022,0.0535313901345291,0.0368553811659193,0.00126121076233184,0,"2.4096","0","20.8584","3.0873","3.991","3.1",8,67.8,0,0,3,25.4,1,8.5,1,8.5,0,0,"0","0","Non I-35 Corridor","1","0","28","12"
48133,"Eastland","TX",6,18322,18205,0.166766909071026,"41559",0.5147,3.9,27.9468238353729,0.140088356847656,17,23.2,7.30042313117066,0.0666666666666667,0.243807248108323,0.120350457984867,0.0498606133014735,0.0116288331342095,0.0105933890880127,"0.9514","","16.4042","2.1654","2.395","14.5",8,43.9,0,0,12,65.9,7,38.5,4,22,9,49.4,"0","0","Non I-35 Corridor","10","5","80","65"
48135,"Ector","TX",4,162124,184841,0.616121727433716,"63096",0.4511,5.1,21.2533786892891,0.111954777806798,13.6,17.9,3.90443843047508,0.0745903163811453,0.2269533590957,0.117191213242132,0.036349734454754,0.00817300737740489,0.00433964993490525,"2.2335","0.1613","17.0376","2.0077","2.3464","41.2",29,15.7,9,4.9,64,34.6,23,12.4,8,4.3,103,55.7,"3","1.6","Non I-35 Corridor","51","29","636","450"
48137,"Edwards","TX",6,1928,1991,0.521090534979424,"40643",0.4587,2.8,26.7224907875061,0.071156289707751,19.1,31.8,8.50914205344585,0.0691775557263643,0.218293620292083,0.15065334358186,0.0315142198308993,0,0,"","0","11.5578","","","0.6",1,50.2,0,0,1,50.2,0,0,0,0,1,50.2,"0","0","Non I-35 Corridor","","","8","1"
48139,"Ellis","TX",2,179436,177721,0.266084999219986,"79834",0.4116,3.1,16.6510537266731,0.0756073334567922,7.9,11.1,5.36385128991193,0.0491816022457353,0.224970848628806,0.172334269056359,0.0666551500755776,0.00893111638954869,0.00492334269056359,"1.505","0.2041","20.6811","3.1631","2.6529","30.8",18,10.1,28,15.8,139,78.2,16,9,60,33.8,104,58.5,"3","1.7","Non I-35 Corridor","43","19","465","460"
48141,"El Paso","TX",3,840758,876120,0.826750625810267,"48292",0.4669,4.3,23.1371074914932,0.200776870738356,17.6,22.7,6.34535387572676,0.0581079188741335,0.173466053632693,0.160738597023518,0.0591328836713578,0.012159544425514,0.008248340996258,"1.6697","0.2069","15.4533","2.0859","2.2174","27",158,18,190,21.7,502,57.3,141,16.1,368,42,512,58.4,"47","5.4","Non I-35 Corridor","69","26","2330","1435"
48143,"Erath","TX",5,42446,41526,0.21290200350495,"55383",0.47,2.9,22.1984326839447,0.0781041856551918,12.6,15.5,5.40604066282759,0.0563632661372429,0.202932193036042,0.222317246996538,0.0834453268173488,0.0122989207900631,0.0116880472408878,"0.9091","0.9313","17.6497","1.3304","2.439","35.2",22,53,5,12,50,120.4,6,14.4,17,40.9,21,50.6,"0","0","Non I-35 Corridor","8","4","72","72"
48145,"Falls","TX",3,17335,16603,0.235229442740582,"36854",0.5023,3.7,20.4605266451836,0.180115273775216,20,25.2,7.43163602074493,0.0515658304640105,0.297671749467126,0.0897688145597639,0.0227906214133465,0.00573864567961961,0.0059026069847516,"3.125","","19.0678","3.3898","3.072","27.4",4,24.1,4,24.1,11,66.3,2,12,2,12,1,6,"0","0","Non I-35 Corridor","6","5","35","30"
48147,"Fannin","TX",6,35286,34597,0.11604748045426,"57898",0.4658,2.9,24.2695182561874,0.118392381567267,15.4,17.5,8.33099657899164,0.0753129572427248,0.285075597463827,0.121890749471631,0.0467403674199317,0.00638107624776459,0.00434888635994147,"1.4551","0.2298","18.8589","4.0781","2.9102","18.4",4,11.6,15,43.4,13,37.6,12,34.7,13,37.6,10,28.9,"0","0","Non I-35 Corridor","9","3","452","452"
48149,"Fayette","TX",6,25349,26086,0.213609537766863,"62872",0.4509,3.1,27.741950750351,0.0746152994575446,9.4,14.4,7.31328013095969,0.0398527182152913,0.355100714749838,0.163038769763916,0.0481373186051549,0.00698505523066927,0.00519818063677713,"1.5449","","15.7504","1.5851","2.5482","63.2",0,0,0,0,5,19.2,6,23,4,15.3,12,46,"1","3.8","Non I-35 Corridor","12","2","27","12"
48151,"Fisher","TX",6,3839,3985,0.273059837993206,"52683",0.4274,3,27.9468238353729,0.097255369928401,13.3,17.6,7.70697167755991,0.0556368960468521,0.296486090775988,0.148609077598829,0.0413616398243045,0.0102489019033675,0.00292825768667643,"2.2624","0","18.4012","1.6591","","3.1",0,0,0,0,1,25.1,0,0,1,25.1,2,50.2,"0","0","Non I-35 Corridor","1","1","7","5"
48153,"Floyd","TX",6,5837,5786,0.586475268073331,"52714",0.4122,3.9,27.2771567106247,0.198717948717949,17.7,29.5,5.60903369122547,0.049167327517843,0.247158339941845,0.111287338091462,0.0359503039915411,0.00872323552735924,0.000793021411578113,"","0","15.6489","2.1628","1.7812","28.6",0,0,0,0,3,51.8,1,17.3,1,17.3,3,51.8,"0","0","Non I-35 Corridor","1","0","",""
48155,"Foard","TX",6,1200,1240,0.226180613090307,"39306",0.5051,2.4,21.9790354371071,0.110019646365422,16.8,29.9,8.0365296803653,0.0531073446327684,0.235028248587571,0.0949152542372881,0.0327683615819209,0,0,"","0","21.3439","7.5099","","51.7",0,0,0,0,0,0,2,161.3,1,80.6,0,0,"0","0","Non I-35 Corridor","","","",""
48157,"Fort Bend","TX",2,787858,840383,0.245733930802183,"100189",0.4316,4,13.6341407895088,0.0636732326751215,7.4,9.4,3.23914441180438,0.0271775043660221,0.151123365691719,0.277606239871615,0.137183561730046,0.0249630264793342,0.0249807265690146,"1.2157","0.2998","13.7463","1.7153","3.1333","20.7",122,14.5,175,20.8,573,68.2,46,5.5,256,30.5,539,64.1,"52","6.2","Non I-35 Corridor","30","14","987","2847"
48159,"Franklin","TX",6,10766,10924,0.149159468747098,"59632",0.4436,3,20.7215860486031,0.0785353535353535,12.9,20.4,6.90221063809248,0.0431324976411915,0.206496832457204,0.224828143954711,0.0665857932335894,0.00202183582693085,0.00943523385901065,"1.5532","0.7168","19.6535","2.7479","4.0024","28.3",2,18.3,1,9.2,3,27.5,1,9.2,4,36.6,3,27.5,"0","0","Non I-35 Corridor","2","1","34","46"
48161,"Freestone","TX",6,19808,19860,0.158883711507293,"52232",0.4527,5.5,20.4605266451836,0.146229216152019,13.3,16.7,6.71468999228197,0.0710378580682309,0.246653231610767,0.106880667914208,0.0294371671224989,0.00561393407226141,0.00575788109975529,"1.6886","","18.5366","3.2645","2.7017","12.1",0,0,0,0,7,35.2,0,0,1,5,9,45.3,"0","0","Non I-35 Corridor","11","3","56","47"
48163,"Frio","TX",6,19816,20023,0.795682806175986,"48708",0.5142,3.3,23.8479003310204,0.214209287395677,22.3,28.8,3.25809083491977,0.0630443467838594,0.273911306432281,0.0421893727526968,0.0250099880143827,0.00735117858569716,0.00743108270075909,"2.2606","","13.8298","2.3936","4.7872","9.4",0,0,2,10,3,15,0,0,1,5,10,49.9,"2","10","Non I-35 Corridor","6","1","348","48"
48165,"Gaines","TX",6,20901,22121,0.417374389144565,"62994",0.4405,2.8,24.4458824396133,0.0695814903028241,11.1,19.8,1.92147421057505,0.0680194089104543,0.25540361711513,0.0737538597265108,0.027613586237318,0.00308778120864579,0,"1.2295","","15.4372","1.776","1.571","10.7",1,4.5,0,0,3,13.6,1,4.5,1,4.5,8,36.2,"0","0","Non I-35 Corridor","8","3","21","17"
48167,"Galveston","TX",2,337890,355196,0.249534952606635,"74633",0.4643,4.6,15.7238751649857,0.112288744768538,9.9,14.1,6.77251755151391,0.0491337500495566,0.196808112310749,0.212296212111201,0.0725112658746415,0.0186156739922383,0.0177522873139424,"2.7056","0.1521","18.4759","3.3869","3.0529","41.2",79,22.2,71,20,191,53.8,42,11.8,92,25.9,245,69,"28","7.9","Non I-35 Corridor","38","14","1123","832"
48169,"Garza","TX",6,6578,6784,0.490046449900464,"58938",0.379,3.1,27.2771567106247,0.166958552247519,20.6,23.4,3.62792297111417,0.0833144668326919,0.23024677382839,0.0819560787865067,0.0389404573239756,0.00181118406158026,0.000226398007697532,"","0","16.4659","","","2",2,29.5,0,0,3,44.2,1,14.7,1,14.7,2,29.5,"0","0","Non I-35 Corridor","2","1","65.67","46.25"
48171,"Gillespie","TX",5,26804,26191,0.236238188090595,"61445",0.4564,2.4,21.7678442597389,0.0492606284658041,9.2,15.2,8.18334892422825,0.0389113006178829,0.260787417658173,0.238267885410816,0.0819588418526273,0.0165960271664199,0.00464688760659756,"1.7752","","17.0867","1.5375","1.4424","72",5,19.1,5,19.1,14,53.5,2,7.6,7,26.7,30,114.5,"1","3.8","Non I-35 Corridor","5","0","10","4"
48173,"Glasscock","TX",5,1388,1365,0.382861091914305,"74375",0.4542,2.8,24.1987973451614,0.110344827586207,7.3,9.9,4.92831541218638,0.0149732620320856,0.21283422459893,0.180748663101604,0.0588235294117647,0.00855614973262032,0.00641711229946524,"","0","7.362","","0","",0,0,0,0,0,0,0,0,0,0,0,0,"0","0","Non I-35 Corridor","1","0","1",""
48175,"Goliad","TX",4,7584,7717,0.360253365003959,"50000",0.5012,4.5,19.5224091410637,0.148943661971831,13.2,20.8,7.58699372504278,0.0394198586835255,0.212346597248048,0.117701747861659,0.0330978058757903,0.00353291186314615,0.00502045370026032,"2.193","","17.3684","3.4211","2.807","4.7",1,13,1,13,7,90.7,0,0,2,25.9,1,13,"0","0","Non I-35 Corridor","4","1","30","14"
48177,"Gonzales","TX",6,20826,21347,0.511426925292875,"58210",0.473,2.7,19.5224091410637,0.155123911587408,14.3,22.3,5.84643565867806,0.0591425811724497,0.375510810610001,0.0859647819303069,0.030165688386953,0.004309384055279,0.00401218515491493,"1.4974","","13.5135","1.8992","2.1183","13.7",3,14.1,1,4.7,5,23.4,1,4.7,4,18.7,9,42.2,"0","0","Non I-35 Corridor","11","4","93","65"
48179,"Gray","TX",5,21895,24252,0.294157639486924,"54679",0.4795,4.5,23.2821360230446,0.14726507713885,14.2,18,6.34569180760352,0.0773862470065002,0.243995894628806,0.106123845364352,0.0340745809100239,0.00896339377352036,0.00184741703729046,"1.7705","","16.3773","4.4603","2.9282","67.8",3,12.4,1,4.1,12,49.5,6,24.7,4,16.5,12,49.5,"0","0","Non I-35 Corridor","5","1","56","49"
48181,"Grayson","TX",4,133991,131710,0.136654010050402,"58296",0.4405,3.3,24.2695182561874,0.107912502280698,13.6,20.8,7.57324243966859,0.0586283799527334,0.241115315055422,0.140768027339199,0.0472555394055056,0.00959756787644102,0.0082439224649661,"2.093","0.1763","19.5803","4.1474","2.8531","64.4",36,27.3,21,15.9,94,71.4,23,17.5,46,34.9,124,94.1,"6","4.6","Non I-35 Corridor","22","6","379","277"
48183,"Gregg","TX",4,123707,125730,0.188897786189771,"52027",0.4699,4.4,21.7248544096947,0.142547754147356,18.1,26.3,6.62271911396582,0.0484444167342104,0.231236361369163,0.14848806035289,0.0471475777791633,0.0115717937527277,0.00442670989463183,"1.8127","0.1678","19.2414","3.2226","3.1286","105",49,39,35,27.8,106,84.3,32,25.5,44,35,150,119.3,"12","9.5","Non I-35 Corridor","25","7","697","497"
48185,"Grimes","TX",6,28360,28930,0.241642352444898,"56086",0.4814,4.6,18.638750910759,0.135998262003041,15.3,20.6,5.67514008473418,0.101679342555255,0.239548772395488,0.112500638048083,0.0568118013373488,0.00872849777959267,0.00454290235312133,"1.8556","","19.4405","2.5978","2.5121","9.4",3,10.4,1,3.5,9,31.1,2,6.9,0,0,14,48.4,"0","0","Non I-35 Corridor","9","3","72","58"
48187,"Guadalupe","TX",2,163694,170266,0.382285468932098,"75774",0.3973,3.1,13.9921694993973,0.0774726260994436,8.5,10.7,9.59955068150498,0.0437105751391466,0.262866419294991,0.180890538033395,0.0801669758812616,0.00908163265306122,0.0100463821892393,"1.6491","0.107","15.4592","2.864","2.1653","18.9",25,14.7,47,27.6,111,65.2,19,11.2,80,47,61,35.8,"6","3.5","I-35 Corridor","14","5","364","250"
48189,"Hale","TX",5,33830,33202,0.598362370379225,"47500",0.4385,4.3,27.2771567106247,0.158614988978692,17.6,24.6,4.01881803087141,0.0795841026139345,0.250218637644544,0.111796715576718,0.0480031095131668,0.00388689145855602,0.00821105820619959,"1.9462","","19.4333","2.1179","2.5758","29.2",11,33.1,3,9,37,111.4,7,21.1,4,12,19,57.2,"1","3","Non I-35 Corridor","4","0","95","56"
48191,"Hall","TX",6,3028,3305,0.346115702479339,"40197",0.4871,3.4,23.2821360230446,0.126198083067093,18.6,36.7,6.44247787610619,0.0615088899567516,0.284959154252763,0.132148005766458,0.0470927438731379,0,0.00336376741950985,"1.9784","0","14.7482","2.518","","15.9",0,0,0,0,0,0,0,0,0,0,0,0,"0","0","Non I-35 Corridor","2","1","5","8"
48193,"Hamilton","TX",6,8484,8220,0.130305904671567,"46893",0.4907,2.9,12.8642752766609,0.0921183904223479,14.7,20.9,8.08805643395768,0.0521637034552164,0.303086212680309,0.156491110365649,0.0340489768534049,0.0109023817510902,0.00419322375041932,"2.4496","","23.5591","1.9452","3.17","49.8",4,48.7,1,12.2,5,60.8,2,24.3,1,12.2,10,121.7,"1","12.2","Non I-35 Corridor","1","0","12","13"
48195,"Hansford","TX",6,5463,5820,0.478917326459216,"46507",0.4012,2.2,23.2821360230446,0.0672404518558365,10.7,15.4,4.29517502365184,0.0546594982078853,0.219832735961768,0.203703703703704,0.0229988052568698,0,0.00537634408602151,"","0","14.9798","","2.0243","5.9",0,0,0,0,2,34.4,0,0,0,0,4,68.7,"0","0","Non I-35 Corridor","","","3","3"
48197,"Hardeman","TX",6,3922,3870,0.233956543708944,"47188",0.4356,3.3,21.9790354371071,0.175239234449761,15,23.6,6.11439842209073,0.0343869399096909,0.269190691212226,0.104897533865926,0.0364709968739146,0.018061827023272,0.00347342827370615,"2.2663","0","15.864","4.6742","1.8414","37.7",0,0,3,77.5,0,0,2,51.7,0,0,3,77.5,"0","0","Non I-35 Corridor","1","1","8","3"
48199,"Hardin","TX",3,57207,56486,0.0600983332171002,"61221",0.439,5.6,16.871777176857,0.123843685104776,10.4,12.9,7.38382742615283,0.0574641653156283,0.338171337399315,0.13888674438354,0.0322447824184873,0.00349983272858283,0.00597030288993541,"1.4731","","20.0982","7.3993","2.743","16.7",8,14.2,2,3.5,26,46,18,31.9,7,12.4,10,17.7,"0","0","Non I-35 Corridor","10","3","154","162"
48201,"Harris","TX",1,4698619,4978845,0.430846712468399,"63022",0.4962,4.4,21.4472845196724,0.126408758311942,15.9,23.3,3.90197298962513,0.0354813966249965,0.192721538845652,0.204768971543852,0.0815682591054198,0.022650228244659,0.0136499518676808,"1.676","0.1996","16.064","2.7396","3.033","37.8",993,19.9,1722,34.6,3204,64.4,335,6.7,1771,35.6,4416,88.7,"549","11","Non I-35 Corridor","457","173","8673","6609"
48203,"Harrison","TX",5,66726,68247,0.132793364088539,"54234",0.462,4.8,18.6485171318054,0.141940354850887,15.6,21.9,6.34088234866863,0.050609756097561,0.266892502258356,0.139634146341463,0.0474480578139115,0.0103884372177055,0.00575880758807588,"1.5785","0.1797","21.5092","3.6191","2.5154","36.2",12,17.6,6,8.8,37,54.2,9,13.2,11,16.1,16,23.4,"0","0","Non I-35 Corridor","21","9","250","238"
48205,"Hartley","TX",6,5619,6067,0.268432355046528,"53722",0.3838,1.5,23.2821360230446,0.0697811945594323,9.5,9.1,3.67892976588629,0.166222437606009,0.212745335594863,0.118972619336079,0.0634843712139569,0.00920765689362733,0.0193845408286891,"","","15.8664","","","",0,0,1,16.5,1,16.5,0,0,1,16.5,8,131.9,"0","0","Non I-35 Corridor","3","1","15.1","9.15"
48207,"Haskell","TX",6,5813,6197,0.286464717212397,"48955",0.4979,2.7,27.9468238353729,0.162812210915819,20,25.6,5.5576070901034,0.0733784122213874,0.263461056849487,0.0974204858502379,0.0651139494114701,0.00150262960180316,0.00250438266967193,"1.3613","0","14.0314","1.9895","2.0942","4.9",1,16.1,1,16.1,2,32.3,2,32.3,1,16.1,4,64.5,"0","0","Non I-35 Corridor","3","2","377.77","330.55"
48209,"Hays","TX",2,222631,234896,0.394507846894676,"68724",0.4503,2.8,14.4794166088104,0.0665111308065273,9.6,9.9,4.69164174275202,0.0346972176759411,0.193542627585181,0.24870554976938,0.102901353965184,0.0141422407379854,0.0200193423597679,"1.8166","0.0927","17.2269","3.3428","1.6621","22.2",72,30.7,88,37.5,214,91.1,27,11.5,121,51.5,150,63.9,"15","6.4","I-35 Corridor","29","12","356","219"
48211,"Hemphill","TX",6,3825,4644,0.370417841579082,"59605",0.5067,3.3,23.2821360230446,0.0811209439528024,9.5,14.5,5.52927261975163,0.0411300373909431,0.324054840049855,0.162858329871209,0.038637307852098,0.00415454923140839,0.000830909846281678,"","0","8.7336","","","1.5",0,0,0,0,2,43.1,1,21.5,0,0,6,129.2,"0","0","Non I-35 Corridor","","","4.89","0.82"
48213,"Henderson","TX",5,82299,81179,0.130854347375227,"49469",0.4723,3.5,30.9357047080994,0.127207810673323,14.2,22.6,7.61655508216677,0.0658743574705903,0.269172387622037,0.116379756442543,0.0561976058233001,0.00689964466829958,0.00367406078586953,"1.9655","0.1047","20.2836","3.4397","2.3039","33.3",10,12.3,17,20.9,28,34.5,18,22.2,5,6.2,43,53,"1","1.2","Non I-35 Corridor","15","8","350","389"
48215,"Hidalgo","TX",3,865939,870366,0.92305753904431,"41846",0.4838,7,32.0111930370331,0.284457802671828,23.9,32.5,2.43562962444059,0.0391401401112818,0.199526784647889,0.133601996647543,0.0457400322066497,0.00805784017758961,0.00562586745851643,"1.8611","0.1526","22.0324","3.2322","2.4125","17.3",126,14.5,84,9.7,433,49.7,235,27,249,28.6,546,62.7,"23","2.6","Non I-35 Corridor","43","16","1055","936"
48217,"Hill","TX",6,36354,35673,0.209283004237171,"55615",0.4326,3.4,20.4605266451836,0.125859172139911,14,20.4,7.37860288788538,0.0767487963749646,0.265363919569527,0.120847999352672,0.0432091273212769,0.0089816725330744,0.00198244123477768,"1.7277","","19.2899","2.3353","2.5441","34.6",9,25.2,6,16.8,15,42,3,8.4,8,22.4,12,33.6,"0","0","Non I-35 Corridor","13","5","139","100"
48219,"Hockley","TX",5,22980,24636,0.48564343513443,"47010",0.433,3.7,27.2771567106247,0.123652583323008,12.9,19.5,4.94962158146446,0.0450813969667455,0.236816474189509,0.108598859051064,0.0382635313760957,0.00466119382217893,0.00500904410741617,"1.5531","","17.6445","2.0708","2.3296","27.7",1,4.1,1,4.1,15,60.9,4,16.2,3,12.2,11,44.7,"0","0","Non I-35 Corridor","3","0","75","58"
48221,"Hood","TX",2,60537,58643,0.125647646813828,"71253",0.4448,3.6,22.1984326839447,0.0572474693086367,9.4,14.8,8.60417546024222,0.0611272275176129,0.233872081779251,0.197103651517245,0.0710963761108809,0.0132154533314915,0.0111893907998342,"1.4714","","19.3042","2.0951","1.7053","56.8",9,15.3,9,15.3,53,90.4,17,29,15,25.6,42,71.6,"2","3.4","Non I-35 Corridor","9","3","142","98"
48223,"Hopkins","TX",5,36810,37040,0.170644001307617,"54600",0.4307,3,20.7215860486031,0.107814118691727,12.7,18.9,6.26036371544296,0.055490251712537,0.287746747193061,0.150297920635564,0.0484779700863362,0.00766081634307487,0.00652588058854526,"1.877","","19.934","5.1964","2.8676","42.1",4,10.8,7,18.9,22,59.4,17,45.9,17,45.9,15,40.5,"1","2.7","Non I-35 Corridor","8","3","94","83"
48225,"Houston","TX",6,23169,22620,0.113590794176619,"40838",0.4802,3.4,26.1826246976852,0.150473645858635,20,27.7,8.0349859512372,0.0899964357847214,0.27367232980872,0.109896637756921,0.0370678388974694,0.00493049780206724,0.0038612332184864,"1.4085","","15.4636","2.7582","2.8169","13.2",3,13.3,4,17.7,11,48.6,4,17.7,5,22.1,5,22.1,"0","0","Non I-35 Corridor","8","3","92","76"
48227,"Howard","TX",5,36459,41236,0.433159362659818,"57761",0.4426,5.4,24.1987973451614,0.0849920732781399,15.7,17.8,6.41709695926563,0.107768715174029,0.239077767907615,0.0913752725510781,0.029879673746265,0.0088023903738997,0.00375514818703061,"2.2838","","15.9598","2.5829","2.3382","19.2",3,7.3,9,21.8,10,24.3,12,29.1,11,26.7,19,46.1,"9","21.8","Non I-35 Corridor","13","4","58","57"
48229,"Hudspeth","TX",3,4795,3400,0.777469596756987,"31505",0.4144,3.7,24.4458824396133,0.350488021295475,24.2,33.1,6.77701436602124,0.0609756097560976,0.252246469833119,0.0953145057766367,0.00353016688061617,0,0,"","0","7.4074","","","",0,0,0,0,0,0,0,0,0,0,1,29.4,"0","0","Non I-35 Corridor","7","1","107","102"
48231,"Hunt","TX",2,96493,95324,0.169767780295628,"57467",0.4422,3.6,15.1921257376671,0.12430051196571,12.6,17.6,7.10712713593981,0.0620899092096361,0.283763158308813,0.134486176891728,0.0509181313234623,0.00777303982502793,0.0106839960348056,"2.2979","0.1117","21.3437","6.814","3.5347","29.3",13,13.6,18,18.9,74,77.6,13,13.6,36,37.8,51,53.5,"11","11.5","Non I-35 Corridor","24","5","347","215"
48233,"Hutchinson","TX",5,21198,21461,0.236199952617863,"57921",0.4175,4.6,23.2821360230446,0.0918857789086797,12.1,15.4,6.45583741572489,0.0857757076316732,0.251021139376568,0.117950555356503,0.0283769258330348,0.0048011465424579,0.00286635614475099,"1.5116","","15.1495","2.7545","1.9819","32.4",0,0,0,0,1,4.7,4,18.6,2,9.3,8,37.3,"0","0","Non I-35 Corridor","2","1","60","49"
48235,"Irion","TX",4,1522,1508,0.2730199613651,"53778",0.4563,3.1,24.1987973451614,0.0550314465408805,6.9,7.4,6.87376074025116,0.0543071161048689,0.332397003745318,0.161985018726592,0.0327715355805243,0.00842696629213483,0.00187265917602996,"","0","9.6154","","0","",0,0,0,0,0,0,0,0,0,0,0,0,"0","0","Non I-35 Corridor","","","5.51","3.89"
48237,"Jack","TX",6,8843,8841,0.170454545454545,"54087",0.4562,3.8,21.9790354371071,0.122436099715999,13.6,18.4,5.07554296506138,0.090820629257217,0.290788193318197,0.0916315277327279,0.0340577359714564,0.0103795004865391,0.00891988323061953,"1.34","0","17.7554","2.7638","2.2613","8.5",3,33.9,0,0,2,22.6,2,22.6,0,0,9,101.8,"0","0","Non I-35 Corridor","","","15","17"
48239,"Jackson","TX",6,14874,15899,0.333018486034273,"58243",0.4065,3.3,19.5224091410637,0.148050365556458,12.7,17.5,5.19081932212437,0.0556842211257678,0.275702346188702,0.114288591279831,0.029604269459269,0.00513543449803645,0.00493404490987816,"2.1708","","18.6686","1.3507","3.4732","16.5",0,0,0,0,7,44,0,0,2,12.6,9,56.6,"0","0","Non I-35 Corridor","7","4","60","43"
48241,"Jasper","TX",6,35872,35525,0.0685563241662449,"42756",0.4722,6.9,26.2936353683472,0.125537340619308,17.3,24.9,7.2134627046695,0.055083179297597,0.393468884781269,0.0787019921955227,0.0477305401519819,0.00653111521873075,0.000164304785376874,"1.739","","20.9457","7.1512","3.2044","27.4",1,2.8,0,0,17,47.9,9,25.3,8,22.5,15,42.2,"0","0","Non I-35 Corridor","10","3","94","88"
48243,"Jeff Davis","TX",6,2252,2113,0.268596881959911,"",0.3687,2.9,24.4458824396133,0.197780020181635,22.2,59.7,11.0721442885772,0.0192655027092113,0.134858518964479,0.142685129440096,0.154726068633353,0,0.00180614087898856,"","0","7.6596","","","42.8",0,0,0,0,1,47.3,0,0,1,47.3,1,47.3,"0","0","Non I-35 Corridor","","","",""
48245,"Jefferson","TX",3,255001,258678,0.21196115921876,"50840",0.4829,6.9,25.6831437349319,0.155192954090967,18.3,25.9,5.77602270335171,0.0529665171276627,0.268088772690811,0.129332422234766,0.0440595383107044,0.0117769393030096,0.00749279538904899,"1.5366","0.3262","19.1962","6.8369","3.5697","70.3",78,30.2,29,11.2,170,65.7,88,34,70,27.1,181,70,"20","7.7","Non I-35 Corridor","49","18","945","663"
48247,"Jim Hogg","TX",6,5248,5077,0.926354347406979,"35736",0.4417,6.4,37.2842580080032,0.300970873786408,20.1,30.5,4.56800330715172,0.0491513437057991,0.363154172560113,0.0979490806223479,0.0275813295615276,0.00671852899575672,0,"2.4779","0","21.0619","","3.0088","",0,0,0,0,0,0,1,19.7,2,39.4,0,0,"0","0","Non I-35 Corridor","","","11","6"
48249,"Jim Wells","TX",5,40822,42890,0.803510148053731,"45857",0.4684,6.9,22.7710723876953,0.175874342308883,20.1,32.9,5.19914633205626,0.0568089470221741,0.295383305599628,0.125653032003405,0.0299137030300685,0.00398591385782284,0.00212840060369181,"2.5824","0.3022","22.7747","4.6978","4.4505","44",15,35,1,2.3,25,58.3,13,30.3,6,14,22,51.3,"1","2.3","Non I-35 Corridor","4","2","61","55"
48251,"Johnson","TX",2,171361,171701,0.219772524349465,"65311",0.4028,3.2,21.1943313479424,0.0897717521880899,9.5,11.7,5.38829636463677,0.0649284573019968,0.293204559452294,0.134685935142952,0.0477278610384626,0.00695343253206702,0.0058376699306442,"1.5045","0.2075","22.5673","4.2911","3.1127","37.3",27,15.7,30,17.5,108,62.9,22,12.8,49,28.5,64,37.3,"3","1.7","Non I-35 Corridor","19","7","805","623"
48253,"Jones","TX",4,19817,19735,0.277900774881755,"52471",0.4142,4,27.9468238353729,0.138328019837053,19.5,21.2,5.8892335859228,0.172137224506302,0.20940891015704,0.0919997304037204,0.0226460874839927,0.00181977488710656,0.00202197209678506,"1.7008","","16.0052","2.0933","2.9655","10.8",3,15.2,0,0,5,25.3,3,15.2,2,10.1,4,20.3,"0","0","Non I-35 Corridor","5","2","35","22"
48255,"Karnes","TX",6,15650,15393,0.55573422525246,"52896",0.5247,3.1,19.5224091410637,0.128734622144112,17.5,22.9,5.37049626104691,0.0924098671726755,0.270398481973435,0.112903225806452,0.0403225806451613,0.00493358633776091,0.000759013282732448,"1.8519","","17.5381","2.342","4.4118","23.2",3,19.5,0,0,5,32.5,1,6.5,4,26,5,32.5,"0","0","Non I-35 Corridor","3","0","10",""
48257,"Kaufman","TX",2,128622,125134,0.224104721400394,"72179",0.4079,3.4,13.700333237648,0.0994979228789153,9.2,12.7,5.05883972197371,0.0637961992215273,0.266898039357459,0.141848330380921,0.0500704963667257,0.00484436571345938,0.0050251256281407,"1.7758","0.1758","21.0989","4.0527","2.9099","20.7",38,30.4,29,23.2,81,64.7,19,15.2,47,37.6,43,34.4,"19","15.2","Non I-35 Corridor","29","7","422","364"
48259,"Kendall","TX",2,45641,46278,0.241718142050076,"98692",0.4775,2.7,21.7678442597389,0.0386097775373588,6.7,8.6,8.3380383477495,0.0311276554778256,0.160869007124061,0.287016237725435,0.129580899813876,0.0204094730761825,0.0156280084718567,"1.6324","","15.8857","1.7533","1.9045","29.5",19,41.1,7,15.1,60,129.7,5,10.8,9,19.4,48,103.7,"7","15.1","I-35 Corridor","6","2","55","39"
48261,"Kenedy","TX",5,442,476,0.966751918158568,"40083",0.2912,4.3,22.7710723876953,0.209302325581395,10.8,13.8,5.71428571428571,0.0555555555555556,0.0888888888888889,0.0037037037037037,0.0111111111111111,0,0,"","0","","","","",0,0,0,0,0,0,0,0,0,0,0,0,"0","0","Non I-35 Corridor","1","0","1.23","0.99"
48263,"Kent","TX",6,726,795,0.105113636363636,"61706",0.3775,2.3,27.9468238353729,0.0874125874125874,11.3,12.3,8.23373173970784,0.0230125523012552,0.234309623430962,0.184100418410042,0.133891213389121,0,0.0104602510460251,"","0","28.6822","","","",0,0,0,0,0,0,1,125.8,0,0,0,0,"0","0","Non I-35 Corridor","","","5.33","3.75"
48265,"Kerr","TX",5,52405,52267,0.273627742120893,"57196",0.4436,3.3,21.7678442597389,0.0871322492715481,11.6,16.5,10.570744134758,0.045730260034812,0.236826836858484,0.181707895986075,0.0708106967667071,0.0119732053378343,0.0173532359301651,"1.99","","16.7868","1.8099","2.0587","39.4",58,111,24,45.9,72,137.8,5,9.6,26,49.7,53,101.4,"17","32.5","Non I-35 Corridor","10","4","135","204"
48267,"Kimble","TX",6,4362,4344,0.257142857142857,"46602",0.5353,2.9,24.1987973451614,0.0950686324351805,15.7,32.7,9.77601493233784,0.109299516908213,0.197161835748792,0.152777777777778,0.0676328502415459,0.0172101449275362,0.00966183574879227,"1.2422","","13.2505","1.5528","1.4493","18.9",0,0,0,0,0,0,0,0,2,46,2,46,"0","0","Non I-35 Corridor","6","1","11","14"
48269,"King","TX",6,277,309,0.21505376344086,"39286",0.489,0.6,27.2771567106247,0.0555555555555556,12.4,21.3,6.79245283018868,0,0.513513513513513,0.0990990990990991,0.018018018018018,0,0.018018018018018,"0","0","","","","",0,0,0,0,0,0,0,0,0,0,0,0,"0","0","Non I-35 Corridor","","","43.98","25.12"
48271,"Kinney","TX",6,3767,3462,0.609145345672292,"39972",0.4545,4.7,26.7224907875061,0.224406779661017,17.9,22.7,8.94854586129754,0.0541103017689906,0.224419007977801,0.129032258064516,0.0464793617759279,0.0121401318071453,0,"2.0408","0","9.1837","","","1.6",0,0,0,0,0,0,0,0,0,0,0,0,"0","0","Non I-35 Corridor","2","1","28","28"
48273,"Kleberg","TX",5,31129,30987,0.730317331163548,"47301",0.4767,4.9,22.7710723876953,0.189497307001795,20.8,30,6.67525773195876,0.0837299488806628,0.194018449967683,0.171514190022916,0.0571713966743052,0.00799106880545273,0.00634584875727129,"1.5103","","19.1304","3.524","4.2105","23.6",14,45.2,1,3.2,24,77.5,8,25.8,7,22.6,18,58.1,"0","0","Non I-35 Corridor","4","2","91.77","74.01"
48275,"Knox","TX",6,3653,3937,0.348736069584126,"50719",0.41,3.4,27.9468238353729,0.111190817790531,16.3,24.6,6.08410378765285,0.0345247766043867,0.271730300568643,0.116571892770106,0.0645816409423233,0.00203086921202275,0.00528025995125914,"2.4077","0","21.3483","3.3708","5.939","26.4",0,0,0,0,1,25.4,1,25.4,0,0,1,25.4,"0","0","Non I-35 Corridor","4","2","8","4"
48277,"Lamar","TX",5,49728,50014,0.0806156322301579,"48036",0.462,4,20.7215860486031,0.137184296074018,19.6,26.9,6.83397220891231,0.061234640140433,0.273551784669397,0.127998829724985,0.044031597425395,0.0100058513750731,0.00538326506729081,"1.754","0.2793","18.8694","6.2786","3.2845","68.2",5,10,12,24,31,62,19,38,18,36,37,74,"3","6","Non I-35 Corridor","11","5","152","82"
48279,"Lamb","TX",6,13158,12776,0.558611153787064,"44935",0.4346,3.6,27.2771567106247,0.122184445388865,17.6,24.5,4.024530471445,0.0549769920077501,0.295592153063696,0.0979656091063211,0.023613465730201,0.00217970452894163,0.00181642044078469,"1.0465","","14.9419","1.9186","2.1512","14.5",1,7.8,0,0,5,39.1,3,23.5,2,15.7,5,39.1,"0","0","Non I-35 Corridor","2","1","43","39"
48281,"Lampasas","TX",3,21229,21037,0.196718986384266,"64808",0.4089,3.3,12.8642752766609,0.0976607439601176,10,18,13.3860452212512,0.0689032947938248,0.223885584441623,0.123504644790483,0.0523290783933703,0.00735146695181448,0.00106930428390029,"1.7651","","17.4985","2.4954","2.1911","15.9",8,38,5,23.8,15,71.3,1,4.8,7,33.3,8,38,"0","0","Non I-35 Corridor","4","0","27","26"
48283,"La Salle","TX",6,7531,8309,0.847040127135479,"47162",0.4496,2.7,26.7224907875061,0.131652661064426,24,28.3,2.41596638655462,0.0847127555988316,0.359298928919182,0.059396299902629,0.00798442064264849,0,0,"2.1605","0","11.7284","1.6975","3.7037","8",1,12,0,0,2,24.1,0,0,0,0,1,12,"0","0","Non I-35 Corridor","1","0","",""
48285,"Lavaca","TX",6,20110,20735,0.191859306496612,"54211",0.4543,3.2,19.5224091410637,0.0842611336032389,10.6,14.5,6.24969267836947,0.0363138554650911,0.370703941206139,0.132934649470423,0.0391238561856041,0.00468333453418834,0.00187333381367534,"1.6277","0","20.0407","2.8484","3.586","12.4",1,4.8,1,4.8,6,28.9,4,19.3,1,4.8,13,62.7,"1","4.8","Non I-35 Corridor","2","0","29","22"
48287,"Lee","TX",6,17144,17595,0.238150692907884,"56696",0.4179,3.2,27.741950750351,0.104887157006007,10.6,15,6.76278750429111,0.0342505611439022,0.331615263114141,0.094355308005653,0.0392385069415579,0.00332529719843711,0.00282650261867154,"2.2546","","17.595","3.3599","3.1388","11",4,22.7,0,0,11,62.5,2,11.4,3,17.1,4,22.7,"0","0","Non I-35 Corridor","4","2","44","20"
48289,"Leon","TX",6,17270,17707,0.147186147186147,"43392",0.4938,5.1,18.638750910759,0.0861488957144947,13.8,17.9,9.09727081875437,0.0556855782422726,0.334678395609717,0.112662416269873,0.0334113469453636,0.00347026067306916,0.000403518682915019,"1.5291","","16.1774","2.8135","1.6514","7.8",2,11.3,0,0,2,11.3,3,16.9,1,5.6,4,22.6,"0","0","Non I-35 Corridor","7","4","30","19"
48291,"Liberty","TX",2,86323,85284,0.267496779733791,"50917",0.4523,6.5,24.7739434242249,0.165882481671955,14.4,20,5.1709084559305,0.0795028818443804,0.311023054755043,0.071235590778098,0.0233969740634006,0.00300792507204611,0.0011707492795389,"1.8196","","18.3333","5.948","3.1346","28.8",11,12.9,4,4.7,20,23.5,3,3.5,4,4.7,31,36.3,"0","0","Non I-35 Corridor","21","6","225","122"
48293,"Limestone","TX",6,23519,23544,0.221280602636535,"45781",0.445,4.5,20.4605266451836,0.142547033285094,16.8,19.7,6.85902646076041,0.0704155876186953,0.282155629547416,0.117153779750894,0.0407571833764953,0.00382291281292391,0.00499445061043285,"1.5054","0.6726","23.3824","3.0109","5.8296","25.9",3,12.7,0,0,10,42.5,8,34,3,12.7,18,76.5,"2","8.5","Non I-35 Corridor","7","3","839","132"
48295,"Lipscomb","TX",6,3355,3651,0.304150257497728,"63182",0.4343,2.4,23.2821360230446,0.0880829015544041,11.3,14.8,4.11899313501144,0.0226943505552873,0.275712216320618,0.177691936262675,0.0371801062288749,0.0130371801062289,0.00820859488169966,"","0","11.4471","","","0.1",0,0,0,0,2,54.8,0,0,0,0,0,0,"0","0","Non I-35 Corridor","1","1","3","2"
48297,"Live Oak","TX",6,12166,12030,0.402299794661191,"50212",0.4661,4.6,37.2842580080032,0.124286455630514,17,23.8,7.31363034847817,0.0673845085098993,0.289336575199722,0.0702790320713211,0.033344911427579,0.00717841843232604,0.000115780942456872,"2.0492","","17.459","4.0164","3.6066","5.3",1,8.3,0,0,6,49.9,1,8.3,0,0,1,8.3,"0","0","Non I-35 Corridor","5","1","46.27","41.54"
48299,"Llano","TX",6,21646,19452,0.107402573186649,"58941",0.5297,3.6,12.8642752766609,0.0733030672129332,10.9,20.3,11.561455538295,0.0412900215781186,0.226803522482067,0.184813670029743,0.049979588266169,0.0159211523881729,0.00822301277191346,"2.6365","","17.535","3.892","1.2346","20.8",3,15.4,1,5.1,4,20.6,2,10.3,2,10.3,12,61.7,"0","0","Non I-35 Corridor","3","2","40","35"
48301,"Loving","TX",6,152,92,0,"44076",0.377,0.8,24.4458824396133,0.032258064516129,3.9,11.3,29.6875,0,0.147727272727273,0,0,0,0,"0","0","0","","0","",0,0,0,0,0,0,0,0,0,0,0,0,"0","0","Non I-35 Corridor","2","1","1.77","1.38"
48303,"Lubbock","TX",3,307412,317210,0.35809618926561,"53425",0.4832,3,17.2895476222038,0.117775775518085,15.8,18.4,5.00291334957942,0.0513384190523063,0.199682826128565,0.199901566729555,0.079014573592541,0.0184945178136877,0.0225904355672217,"1.6691","0.2669","19.3921","2.5176","2.8602","85.7",108,34,66,20.8,379,119.5,160,50.4,123,38.8,274,86.4,"19","6","Non I-35 Corridor","38","19","1211","1174"
48305,"Lynn","TX",3,5877,5588,0.466021066938498,"46163",0.4837,2.9,27.2771567106247,0.157798999545248,14.4,19.6,4.1458184417441,0.0695876288659794,0.225257731958763,0.15,0.0466494845360825,0.00515463917525773,0.0056701030927835,"","0","17.4515","1.8006","1.5235","11.9",1,17.9,0,0,5,89.5,0,0,0,0,6,107.4,"0","0","Non I-35 Corridor","1","1","15","44"
48307,"McCulloch","TX",6,7987,8660,0.326976160602258,"48618",0.4313,4.4,24.1987973451614,0.137416693113297,16.2,27.1,7.45740498034076,0.0567324955116697,0.25673249551167,0.11149012567325,0.063016157989228,0.00125673249551167,0.000897666068222621,"1.3816","","15.6579","1.5132","2.0395","17.6",2,23.1,0,0,7,80.8,1,11.5,2,23.1,5,57.7,"0","0","Non I-35 Corridor","3","1","21","16"
48309,"McLennan","TX",3,254607,253066,0.265393926272904,"50210",0.4812,3.4,15.4888331890106,0.121786878431887,17,20.7,5.96748011159763,0.0511054542635258,0.225464859346936,0.158665960278593,0.0660558994172298,0.0127343679334272,0.0127860548656786,"1.9419","0.1402","21.3053","2.7195","3.8073","48.9",63,24.9,173,68.4,220,86.9,80,31.6,196,77.5,222,87.7,"23","9.1","Non I-35 Corridor","31","10","1562","1241"
48311,"McMullen","TX",6,749,783,0.649171270718232,"67386",0.4827,2,37.2842580080032,0.100436681222707,9.7,12,7.16666666666667,0.041304347826087,0.415217391304348,0.102173913043478,0.0456521739130435,0,0,"0","0","13.6364","","","",0,0,0,0,1,127.7,0,0,0,0,0,0,"0","0","Non I-35 Corridor","","","2.73","2.46"
48313,"Madison","TX",6,14422,14527,0.235955056179775,"60499",0.422,4,18.638750910759,0.130796670630202,17.4,21.6,5.70048309178744,0.147426134632958,0.241242765763022,0.0954411615392426,0.0366534673570921,0.00446745862524114,0.00172606355975226,"1.8385","","21.7334","3.086","2.6921","23.2",1,6.9,0,0,2,13.8,3,20.7,1,6.9,8,55.1,"0","0","Non I-35 Corridor","6","2","36","17"
48315,"Marion","TX",6,9928,10294,0.0434564934414739,"39093",0.4912,5.1,18.6485171318054,0.236824696802646,20,31.1,9.99485861182519,0.0786743904081908,0.319143203556514,0.132022093493197,0.0305806277785262,0.002424895594773,0.00175131348511384,"1.5419","0","20.9251","4.13","3.1388","9.8",1,9.7,0,0,4,38.9,3,29.1,0,0,1,9.7,"0","0","Non I-35 Corridor","5","2","33","28"
48317,"Martin","TX",4,5753,6044,0.477801268498943,"70000",0.4514,3.2,24.1987973451614,0.0859465737514518,11.1,17,4.2963528737827,0.0691901954700589,0.272417002792429,0.114799875892026,0.0713620850139621,0.00713620850139622,0.000620539869686627,"2.439","0","18.1185","2.439","3.1359","24.5",0,0,0,0,0,0,0,0,1,16.5,3,49.6,"0","0","Non I-35 Corridor","6","1","7","4"
48319,"Mason","TX",6,4280,3899,0.205037664783427,"61434",0.4642,3,24.1987973451614,0.0695443645083933,9.8,20.1,8.52517075638755,0.0156141568355309,0.170020818875781,0.242886884108258,0.0617626648160999,0.0287994448299792,0.0170020818875781,"1.7957","0","15.8249","","","2.5",1,25.6,0,0,2,51.3,0,0,1,25.6,2,51.3,"0","0","Non I-35 Corridor","2","1","2","0"
48321,"Matagorda","TX",5,36552,37064,0.430811883341034,"48733",0.4638,6.2,19.623938202858,0.151870503597122,17.3,24,6.21707350710247,0.0607544507615056,0.238079428974561,0.129144706809976,0.0586380047308794,0.00639083703365564,0.00112047142797859,"2.1938","","16.7733","3.0393","3.1993","30",4,10.8,2,5.4,11,29.7,4,10.8,3,8.1,19,51.3,"1","2.7","Non I-35 Corridor","9","2","120","119"
48323,"Maverick","TX",5,58485,59938,0.95185720678853,"41385",0.4604,10.2,26.7224907875061,0.265933801886226,20,27.9,2.04190923696167,0.0611739104152814,0.178897418847851,0.120232122347821,0.026385782506196,0.00982288581273046,0.000151121320195853,"2.0872","","14.1819","1.025","2.3668","9.5",3,5,2,3.3,12,20,9,15,7,11.7,28,46.7,"1","1.7","Non I-35 Corridor","3","1","102","18"
48325,"Medina","TX",2,50921,50594,0.523088718079774,"62701",0.4353,3.4,23.8479003310204,0.10495681562148,11.2,17.2,8.41018365255774,0.0634762476921724,0.254139436743545,0.12583887700378,0.0683996131641415,0.00530434018110952,0.00337016088855024,"1.7091","","16.4944","3.5771","3.4579","15",14,27.7,7,13.8,24,47.4,4,7.9,10,19.8,20,39.5,"0","0","Non I-35 Corridor","7","2","78","63"
48327,"Menard","TX",6,2139,2188,0.34392789373814,"43826",0.4639,3.7,24.1987973451614,0.0502415458937198,19.1,34.5,10.0407747196738,0.0958083832335329,0.20059880239521,0.151497005988024,0.0682634730538922,0.0275449101796407,0.0197604790419162,"","0","14.2268","2.6804","","1.6",0,0,0,0,1,45.7,0,0,0,0,1,45.7,"0","0","Non I-35 Corridor","1","1","5","2"
48329,"Midland","TX",4,172578,187364,0.453917938775272,"83217",0.4675,3.5,15.8992424607277,0.0567536301949341,9.7,13.1,4.56104433972809,0.0614082663175613,0.199504394987844,0.198429025621844,0.0577707125490929,0.0138956424163082,0.00433888161585936,"1.8557","0.1354","17.3622","2.0787","2.23","21.3",49,26.2,19,10.1,129,68.8,36,19.2,22,11.7,106,56.6,"11","5.9","Non I-35 Corridor","25","9","464","399"
48331,"Milam","TX",6,25131,24635,0.267734000080655,"48253",0.4822,3.9,18.638750910759,0.129066328686101,17.4,24,6.57671487436374,0.0670936078525257,0.325831936796744,0.104261431649509,0.0319607373713191,0.0110725401005506,0.00389035192722049,"2.2762","","18.056","5.9982","2.1839","24.1",2,8.1,1,4.1,8,32.5,2,8.1,1,4.1,6,24.4,"0","0","Non I-35 Corridor","9","3","105","67"
48333,"Mills","TX",6,4921,4870,0.228214066024195,"50198",0.4725,3.7,12.8642752766609,0.106164383561644,14.4,22.8,9.15619389587074,0.0822749861954721,0.252898950855881,0.15378244064053,0.0383765875207068,0.0124240750966317,0.00635008282716731,"1.8059","0","16.14","3.4989","2.2573","7.6",1,20.5,2,41.1,7,143.7,3,61.6,0,0,2,41.1,"0","0","Non I-35 Corridor","2","1","4","4"
48335,"Mitchell","TX",6,8145,9865,0.403221899224806,"44939",0.491,4.9,27.9468238353729,0.0992145514675486,18.7,21.9,4.84983314794216,0.122585580416906,0.328743545611015,0.0919869956014534,0.024861350162555,0.00191241155096577,0.00267737617135207,"1.8692","","16.3032","2.3884","2.9076","52.7",1,10.1,0,0,1,10.1,1,10.1,0,0,4,40.5,"0","0","Non I-35 Corridor","4","2","16","36"
48337,"Montague","TX",6,19596,19199,0.112118126272912,"57511",0.4251,3.2,21.9790354371071,0.111055339440331,12.4,18.2,7.8236914600551,0.0540521088239528,0.303080466388369,0.122426946883547,0.0325320282136174,0.0130272059881963,0.00640564272347776,"1.3454","","16.3519","2.9237","2.6908","39",1,5.2,1,5.2,6,31.3,5,26,2,10.4,8,41.7,"0","0","Non I-35 Corridor","4","0","61","52"
48339,"Montgomery","TX",2,590925,613951,0.245601401587291,"83274",0.4726,4,13.8627961277962,0.0633193822641564,8.2,10.9,5.61630963682401,0.0470060686398376,0.186331061908411,0.234222572026263,0.0835654812452103,0.0188557610654295,0.0124660839667778,"1.6004","0.1593","17.0111","2.9875","2.1486","37.5",84,13.7,93,15.1,429,69.9,34,5.5,110,17.9,581,94.6,"43","7","Non I-35 Corridor","51","16","939","750"
48341,"Moore","TX",5,21485,21575,0.568378289007511,"53967",0.39,2.3,23.2821360230446,0.0762877308905241,10.6,14.8,3.31023504073415,0.0489082265732012,0.22165820642978,0.0936266215454033,0.0445572476029329,0.00257835790830715,0.00161147369269197,"1.473","","17.2941","1.4184","2.2913","33.5",1,4.6,0,0,3,13.9,3,13.9,3,13.9,15,69.5,"0","0","Non I-35 Corridor","5","3","39","26"
48343,"Morris","TX",6,12339,12448,0.101885570931456,"43995",0.4126,7.4,20.7215860486031,0.175628626692456,17,25.1,7.61713856176397,0.0688443976115209,0.362603910549116,0.101861608710924,0.03852007961597,0.000468329235452523,0.000351246926589392,"1.5238","","18.381","4.2857","3.7143","12.8",0,0,1,8,5,40.2,3,24.1,2,16.1,4,32.1,"0","0","Non I-35 Corridor","5","1","27","13"
48345,"Motley","TX",6,1234,1172,0.151982378854626,"45417",0.462,4.1,27.2771567106247,0.116935483870968,16.3,27.5,6.49106302916275,0.0239282153539382,0.343968095712861,0.137587238285145,0.0299102691924227,0,0,"","0","12.8906","","","",0,0,0,0,0,0,0,0,0,0,0,0,"0","0","Non I-35 Corridor","1","0","",""
48347,"Nacogdoches","TX",5,65711,64106,0.196296865396435,"44507",0.5066,3.8,17.5960138440132,0.181317062907637,19.5,23.5,5.82030222882156,0.0528299883189976,0.235558033343952,0.152251247743443,0.0634490814484443,0.0119995752362748,0.0166719762132314,"1.6587","","15.7643","3.0122","2.9061","54.1",10,15.6,23,35.9,76,118.6,29,45.2,37,57.7,58,90.5,"3","4.7","Non I-35 Corridor","16","9","233","0"
48349,"Navarro","TX",5,49565,47985,0.278989388580091,"47574",0.4571,3.7,20.4605266451836,0.146838768633274,14.8,21.9,5.67041653998176,0.0606673093068814,0.240243788675021,0.109891476725023,0.0475139152336826,0.00867564289934388,0.00376255480580864,"1.8321","0.2703","21.5948","3.1987","3.7243","23.7",5,10.4,7,14.6,30,62.5,11,22.9,6,12.5,25,52.1,"0","0","Non I-35 Corridor","12","3","211","218"
48351,"Newton","TX",3,13746,13724,0.038004061502756,"40690",0.4667,7.4,26.2936353683472,0.157103825136612,21.3,27.9,7.84971760661374,0.0362119825043231,0.394059607364459,0.0712033363849049,0.0152578577967653,0.00111890957176279,0.000406876207913742,"1.7284","0","21.7284","9.2593","3.2716","7.1",1,7.3,1,7.3,1,7.3,1,7.3,4,29.1,3,21.9,"0","0","Non I-35 Corridor","6","1","579","154"
48353,"Nolan","TX",5,14751,15642,0.383598416213677,"43692",0.4986,3.4,27.9468238353729,0.141769398114576,17.2,24.4,6.73768489618673,0.086214121097842,0.259270898805783,0.107270060758433,0.0353027446050702,0.00565681961030798,0.00240938613031636,"1.7234","","21.3605","2.5397","3.4014","25",5,32,1,6.4,8,51.1,3,19.2,0,0,8,51.1,"0","0","Non I-35 Corridor","5","2","43","31"
48355,"Nueces","TX",3,362265,383718,0.641370588511422,"56784",0.456,5,19.1984876990318,0.165348477184593,17.5,25.9,7.24818646688072,0.0532495431352109,0.239266315243035,0.139460878446533,0.0554695050666622,0.0130370007723442,0.00883764312634791,"2.2108","0.2916","19.0051","5.4574","4.1866","70",129,33.6,62,16.2,363,94.6,86,22.4,101,26.3,363,94.6,"23","6","Non I-35 Corridor","36","13","1044","500"
48357,"Ochiltree","TX",6,9947,11309,0.548097304935904,"53431",0.3941,3.1,23.2821360230446,0.119433795340607,9.2,14.2,4.31352970544184,0.0645887445887446,0.267186147186147,0.122597402597403,0.0379220779220779,0.00467532467532468,0.00173160173160173,"1.0837","0","9.8522","","1.8719","21",0,0,0,0,3,26.5,1,8.8,0,0,6,53.1,"0","0","Non I-35 Corridor","1","1","25","25"
48359,"Oldham","TX",3,2131,2200,0.181042654028436,"64250",0.4285,2.7,23.2821360230446,0.0340557275541796,14,28.8,6.25711035267349,0.028892455858748,0.280096308186196,0.210272873194221,0.0441412520064205,0.00160513643659711,0.0120385232744783,"","0","11.0266","","","",0,0,2,90.9,6,272.7,1,45.5,1,45.5,0,0,"0","0","Non I-35 Corridor","5","1","7","4"
48361,"Orange","TX",3,83572,86155,0.0810494652406417,"63488",0.4346,6.4,16.871777176857,0.136902122267976,15.1,21.1,7.45802282803509,0.0491057896332222,0.319044986894424,0.124440561310914,0.0263537970507997,0.00281725300001783,0.00631207317725514,"1.4085","0.2074","18.9868","6.5728","2.7951","52.4",12,13.9,3,3.5,22,25.5,11,12.8,6,7,22,25.5,"1","1.2","Non I-35 Corridor","29","10","181","103"
48363,"Palo Pinto","TX",5,28875,27859,0.199395665462629,"55986",0.4443,3.9,22.1984326839447,0.0945422875943488,13.9,20.9,7.34626350804323,0.06697764031841,0.286670384829894,0.120062870760026,0.051209248085991,0.00785884500329564,0.00162247122648684,"2.0349","","20.5264","3.539","2.8091","25.6",4,14.4,4,14.4,4,14.4,3,10.8,9,32.3,16,57.4,"0","0","Non I-35 Corridor","11","5","97","81"
48365,"Panola","TX",6,23148,24576,0.0885879409988786,"51297",0.4629,4.8,21.0098430514336,0.143962133456477,15.3,19.5,6.53150148948468,0.053892596123292,0.25783285668891,0.115602160788052,0.0284080076263108,0.00800762631077216,0.00362249761677788,"1.4339","","14.1521","2.8367","1.7768","21.2",1,4.1,3,12.2,5,20.3,3,12.2,4,16.3,6,24.4,"0","0","Non I-35 Corridor","9","1","43","35"
48367,"Parker","TX",2,138371,135621,0.127557838017436,"84189",0.4286,3,16.9883906841278,0.0574725178851858,8,9.8,6.79656191388593,0.0574680643745115,0.223565439924618,0.17290745360902,0.0758424259296934,0.0115642834962684,0.00667087835016222,"1.7363","","19.2668","3.5823","2.6464","27.4",25,18.4,14,10.3,91,67.1,18,13.3,47,34.7,68,50.1,"4","2.9","Non I-35 Corridor","18","6","425","363"
48369,"Parmer","TX",6,9864,9200,0.638447971781305,"58558",0.4227,1.9,23.2821360230446,0.0887021475256769,12.2,17.7,3.06008714155436,0.0380920834713481,0.264657171248758,0.111626366346472,0.0263332229214972,0.00877774097383239,0.00414044385558132,"","0","12.7256","1.3538","1.1733","19.8",0,0,0,0,0,0,1,10.9,0,0,2,21.7,"0","0","Non I-35 Corridor","1","0","32","0"
48371,"Pecos","TX",6,15673,16533,0.690302066772655,"53879",0.4743,5,24.4458824396133,0.118323746918652,16.5,19.7,5.00230369248996,0.0874513895475671,0.271080337664801,0.0741724366878498,0.0282651996585412,0.0103386132979228,0.00275064023522716,"1.2574","","12.9054","1.456","2.7134","18.8",3,18.1,0,0,1,6,2,12.1,1,6,8,48.4,"0","0","Non I-35 Corridor","4","1","27","31"
48373,"Polk","TX",6,50031,49080,0.153464260791546,"50351",0.449,6,26.1826246976852,0.152911674561159,15,22.9,8.51505296969455,0.10592355633997,0.268104351662898,0.104517125365396,0.0300314378688434,0.00518449065137058,0.00336440350780431,"1.8247","","15.6747","2.3547","1.9115","27.2",5,10.2,6,12.2,22,44.8,7,14.3,7,14.3,30,61.1,"0","0","Non I-35 Corridor","13","5","955","215"
48375,"Potter","TX",3,119648,122706,0.388157839135248,"43652",0.4817,3,28.6839157342911,0.15601610664968,20.8,29.2,5.5861632566969,0.0828717511717086,0.242117596932254,0.106372496804431,0.0314763527907968,0.0092937792927141,0.00665743502343417,"2.4616","0.2372","18.981","3.2385","2.9686","102.8",32,26.1,43,35,139,113.3,63,51.3,53,43.2,141,114.9,"15","12.2","Non I-35 Corridor","20","10","612","461"
48377,"Presidio","TX",6,6948,5906,0.802144535840188,"22716",0.4854,7,24.4458824396133,0.434883720930233,19.4,32.4,2.18561409231773,0.0296045197740113,0.0790960451977401,0.146440677966102,0.0458757062146893,0.00248587570621469,0,"1.2397","0","8.4298","","","5.8",0,0,1,16.9,3,50.8,0,0,0,0,3,50.8,"0","0","Non I-35 Corridor","2","2","73","76"
48379,"Rains","TX",6,12159,11378,0.0928255978668444,"52612",0.4617,2.9,22.6406246423721,0.132839620458227,13.6,20.3,9.61854653074647,0.0760481712756467,0.300847457627119,0.106935771632471,0.0408117752007136,0.00379125780553078,0.00144959857270294,"2.207","","20.4022","4.6101","2.5012","1.5",0,0,0,0,2,17.6,2,17.6,1,8.8,1,8.8,"0","0","Non I-35 Corridor","4","1","22","20"
48381,"Randall","TX",3,136271,138104,0.223785890224624,"68186",0.4403,2.5,10.1919688284397,0.0635031541962788,9.6,11.6,6.27695324433582,0.053379634267143,0.189032466303828,0.210468908255145,0.0696851313900297,0.0147139025231783,0.0144579117833651,"1.4556","0.1348","17.6629","2.0284","1.9004","26.8",21,15.2,21,15.2,137,99.2,51,36.9,78,56.5,44,31.9,"0","0","Non I-35 Corridor","13","5","364","179"
48383,"Reagan","TX",6,3741,4226,0.699150292087095,"61659",0.3811,4.7,24.1987973451614,0.062667860340197,8.3,10.1,4.28360413589365,0.0711071107110711,0.35958595859586,0.0751575157515752,0.0346534653465347,0.00675067506750675,0,"","0","13.2013","3.9604","","1.6",0,0,0,0,0,0,0,0,0,0,2,47.3,"0","0","Non I-35 Corridor","1","1","78","17"
48385,"Real","TX",6,3478,3407,0.241178186060076,"38659",0.5151,4.5,26.7224907875061,0.128389154704944,16.4,32.1,12.6540971718637,0.0762536261914629,0.276419394944053,0.112308329879818,0.0509738914214671,0,0.00455864069622876,"2.1965","0","16.763","2.0809","5.5491","1.4",0,0,1,29.4,0,0,1,29.4,1,29.4,0,0,"0","0","Non I-35 Corridor","5","1","",""
48387,"Red River","TX",6,12175,12610,0.0737102765167148,"37135",0.4637,4.5,20.7215860486031,0.135912891308575,15.7,25.6,6.54181410201087,0.0622633103141011,0.332590777456004,0.113945199376253,0.0355312987302294,0.00345288482958343,0.00378703497438182,"1.5564","","18.249","6.537","2.8016","82.2",0,0,2,15.9,5,39.7,6,47.6,2,15.9,2,15.9,"0","0","Non I-35 Corridor","4","2","31","26"
48389,"Reeves","TX",5,15695,15707,0.747780779621768,"61543",0.4359,3.5,24.4458824396133,0.110286320254507,19,20.5,3.69541632763765,0.0681884128058806,0.293645420253409,0.0752490569687591,0.0228261920882097,0.00386884611664571,0.00357868265789728,"1.865","","12.7331","1.4148","2.8296","31.8",1,6.4,1,6.4,1,6.4,1,6.4,1,6.4,8,50.9,"0","0","Non I-35 Corridor","10","2","61","28"
48391,"Refugio","TX",6,7032,7573,0.507911617961511,"51054",0.4377,4.7,23.7079069018364,0.169914263445051,15.3,23.7,8.27770360480641,0.0572195827308407,0.352613096467672,0.0795290229291469,0.0252014046684569,0.00330510225160091,0.00268539557942574,"2.2065","","18.6231","3.1774","4.9426","9.6",1,13.2,0,0,3,39.6,0,0,0,0,3,39.6,"0","0","Non I-35 Corridor","3","1","38","38"
48393,"Roberts","TX",6,903,983,0.118622448979592,"61964",0.3784,3.7,23.2821360230446,0.00911854103343465,6.4,9.1,5.32043530834341,0.0283687943262411,0.304964539007092,0.161347517730496,0.0691489361702128,0,0.00886524822695036,"0","0","17.2932","","","",0,0,0,0,0,0,1,101.7,0,0,0,0,"0","0","Non I-35 Corridor","","","1.11","0.18"
48395,"Robertson","TX",4,17284,16888,0.211594711594712,"53823",0.4652,3.5,18.638750910759,0.182990072603349,14.2,23.2,5.73491675120845,0.0450295908740029,0.328587357406296,0.128055579380736,0.0482031048975041,0.00617548674843469,0.00180118363496012,"1.9682","","20.6449","2.5126","3.0988","5.7",1,5.9,1,5.9,5,29.6,4,23.7,4,23.7,0,0,"0","0","Non I-35 Corridor","6","1","28","8"
48397,"Rockwall","TX",2,100657,102243,0.180825302693353,"105956",0.4103,3,15.1921257376671,0.0359288388426154,4.8,6.4,5.26066834231443,0.0250486381322957,0.150550218871595,0.269607247081712,0.11466439688716,0.0201544260700389,0.0240758754863813,"1.3517","0.1833","19.5304","3.0355","2.8179","42.2",11,10.8,28,27.4,102,99.8,12,11.7,26,25.4,94,91.9,"4","3.9","Non I-35 Corridor","6","3","258","208"
48399,"Runnels","TX",6,10234,11009,0.344552529182879,"48489",0.4216,2.8,27.9468238353729,0.110511436648676,14.3,21.4,6.95959595959596,0.0506545247581104,0.30022766078543,0.131758679567444,0.0276038702333523,0.00426863972680706,0.00241889584519067,"1.8803","0","20.188","2.7709","2.8204","35.6",1,9.1,2,18.2,2,18.2,2,18.2,4,36.3,9,81.8,"0","0","Non I-35 Corridor","6","1","27.98","16.66"
48401,"Rusk","TX",4,54450,52767,0.170852782099726,"56223",0.4571,4.1,21.0098430514336,0.111154186973859,14.2,18.1,6.16309801968821,0.072593669250646,0.249407838070629,0.103843669250646,0.0482342807924203,0.00387596899224806,0.00352605512489233,"1.3092","","17.418","2.8008","2.6516","18.9",26,49.3,0,0,21,39.8,8,15.2,10,19,22,41.7,"0","0","Non I-35 Corridor","16","7","89","77"
48403,"Sabine","TX",6,10589,9936,0.0468003820439351,"38917",0.5013,7,26.2936353683472,0.136604774535809,16,25.4,11.9769557307459,0.0736034222445898,0.277931555108203,0.10279315551082,0.0607700050327126,0.0099396074484147,0,"1.7893","","17.2167","4.0557","2.4254","29",1,10.1,0,0,2,20.1,1,10.1,1,10.1,3,30.2,"0","0","Non I-35 Corridor","4","2","14","15"
48405,"San Augustine","TX",6,8232,8405,0.073728813559322,"41568",0.4601,5.8,26.2936353683472,0.192887931034483,19.6,29.7,9.27001768123263,0.0371753246753247,0.380844155844156,0.0905844155844156,0.0422077922077922,0.0038961038961039,0.00292207792207792,"2.0347","","21.9031","2.5135","3.471","28.5",0,0,0,0,1,11.9,1,11.9,2,23.8,2,23.8,"0","0","Non I-35 Corridor","2","2","20","16"
48407,"San Jacinto","TX",6,28719,28844,0.135052845243928,"44566",0.441,5.1,26.1826246976852,0.150941536034704,16.1,26.1,8.31691117436683,0.0968900101887342,0.328465382562709,0.0999951482218233,0.0256659065547523,0.0120809276599874,0.0139246033671341,"1.7296","0","17.5786","5.2201","2.5786","3.4",1,3.5,2,6.9,2,6.9,1,3.5,2,6.9,4,13.9,"0","0","Non I-35 Corridor","8","3","61","51"
48409,"San Patricio","TX",3,66893,71325,0.581477997282325,"56111",0.4585,6.9,23.7079069018364,0.17547604815985,14.8,21.6,7.49618209584757,0.0686256276734238,0.258903663753022,0.107797098753952,0.0416589176120513,0.00629998140226892,0.00304537846382741,"2.4099","","19.6645","5.9186","2.7376","27.6",16,22.4,5,7,22,30.8,7,9.8,8,11.2,22,30.8,"0","0","Non I-35 Corridor","13","6","221","194"
48411,"San Saba","TX",6,6054,5873,0.304630246502332,"45169",0.4772,3.3,12.8642752766609,0.0684161199625117,17.4,26.1,6.33507853403141,0.07336827060505,0.296331586469747,0.14292520247737,0.0200095283468318,0.00619342544068604,0.00452596474511672,"1.581","","14.1304","1.6798","2.3715","5.6",2,34.1,0,0,3,51.1,1,17,1,17,1,17,"0","0","Non I-35 Corridor","","","5","1"
48413,"Schleicher","TX",6,2895,3312,0.534506556245687,"45250",0.4265,3.7,24.1987973451614,0.0694980694980695,13.2,19,4.03916768665851,0.0244536940686785,0.257544224765869,0.130593132154006,0.0208116545265349,0.00936524453694069,0,"","0","13.3489","2.8103","3.5129","22.8",0,0,0,0,1,30.2,0,0,0,0,1,30.2,"0","0","Non I-35 Corridor","","","9","7"
48415,"Scurry","TX",5,16866,18368,0.410686842416361,"50277",0.4231,4.4,27.9468238353729,0.0510220768601799,13.8,17.6,4.41767068273092,0.107295754548698,0.222707813057438,0.115055297895112,0.0312165536924724,0.0103460577952194,0.00454869782376026,"1.7259","","15.6345","2.8426","2.9949","15.5",2,10.9,1,5.4,3,16.3,2,10.9,0,0,13,70.8,"0","0","Non I-35 Corridor","6","2","45.39","12.55"
48417,"Shackelford","TX",6,3253,3405,0.116985718626557,"48212",0.4545,2.5,27.9468238353729,0.0870519385515728,12.5,15.8,7.37520128824477,0.0332005312084993,0.171757414785303,0.231961044710049,0.0761398849048252,0.00664010624169987,0.0115095174856131,"","0","22.3301","2.5243","2.3301","2.9",1,29.4,0,0,2,58.7,0,0,0,0,1,29.4,"0","0","Non I-35 Corridor","","","16","11"
48419,"Shelby","TX",6,25418,25545,0.184261568301469,"41170",0.4681,3.7,26.2936353683472,0.172464684798651,18,24.4,6.04445924569145,0.0518059102517329,0.293506019700839,0.103307795208561,0.032105071141919,0.00413474401070169,0.000608050589809072,"1.7165","","16.9577","4.4096","2.4859","18.9",0,0,3,11.7,18,70.5,6,23.5,7,27.4,4,15.7,"0","0","Non I-35 Corridor","5","3","55","28"
48421,"Sherman","TX",6,3079,3276,0.435653315824031,"57130",0.5318,2.2,23.2821360230446,0.0299065420560748,11.3,16.9,3.95398993529835,0.0348209906817067,0.211378126532614,0.147130946542423,0.0377636096125552,0,0,"","0","13.1034","","","0.3",0,0,0,0,0,0,1,30.5,0,0,0,0,"0","0","Non I-35 Corridor","5","2","2","0"
48423,"Smith","TX",4,230221,235143,0.196881625134675,"59450",0.4611,3.5,18.7904566526413,0.0948476397331928,12.7,18.2,6.12389122790487,0.0452685235995319,0.189748302513008,0.182555056759205,0.0586500763621217,0.0183070749009937,0.0108493715827124,"1.7074","0.1929","18.8819","3.3899","2.5362","99.5",72,30.6,44,18.7,212,90.2,86,36.6,72,30.6,284,120.8,"21","8.9","Non I-35 Corridor","49","16","804","421"
48425,"Somervell","TX",2,9016,9294,0.181625362804197,"64394",0.4326,3.4,22.1984326839447,0.0861685214626391,8.3,12.8,6.75719717544813,0.0695970695970696,0.277273451186495,0.211180124223602,0.0474597865902214,0.0234113712374582,0.00668896321070234,"1.5803","","21.9491","2.4583","2.8973","45.7",0,0,0,0,5,53.8,4,43,3,32.3,9,96.8,"0","0","Non I-35 Corridor","1","0","40","27"
48427,"Starr","TX",5,64525,64731,0.989021114442779,"30931",0.5036,13.4,37.2842580080032,0.385295743504699,25.2,35.3,1.26668689320388,0.0362790176068184,0.228832567006841,0.0765111584613659,0.0271672087024784,0.00182236178086801,0.0038970505775485,"1.4763","","21.2032","2.8972","3.2109","25.6",5,7.7,0,0,19,29.4,10,15.4,8,12.4,17,26.3,"1","1.5","Non I-35 Corridor","3","2","205","0"
48429,"Stephens","TX",6,9433,9570,0.242145757640521,"44940",0.4871,3.2,27.9468238353729,0.13174882629108,15.6,23.5,6.26304801670146,0.0557304785894207,0.273929471032746,0.121379093198992,0.0218828715365239,0.00645465994962217,0.00771410579345088,"2.4691","","22.085","2.9492","2.2634","18.6",17,177.6,0,0,5,52.2,2,20.9,0,0,7,73.1,"0","0","Non I-35 Corridor","2","1","32","23"
48431,"Sterling","TX",6,1311,1252,0.381475667189953,"53194",0.3823,3.6,24.1987973451614,0.0987654320987654,10.2,13.5,3.06122448979592,0.0183727034120735,0.468503937007874,0.108923884514436,0.0328083989501312,0.031496062992126,0.010498687664042,"","0","14.4509","","","1.1",0,0,0,0,0,0,0,0,1,79.9,0,0,"0","0","Non I-35 Corridor","","","2.56","1.31"
48433,"Stonewall","TX",6,1362,1523,0.241501416430595,"58309",0.399,3.3,27.9468238353729,0.143667296786389,14.3,22.5,10.8433734939759,0.0272417707150965,0.373439273552781,0.0919409761634506,0.0329171396140749,0,0,"","0","21.2544","","","2.4",0,0,0,0,0,0,1,65.7,0,0,1,65.7,"0","0","Non I-35 Corridor","","","2","2"
48435,"Sutton","TX",6,3758,4381,0.681782230424466,"61190",0.3975,5.7,24.1987973451614,0.0959438377535101,11.7,17.3,7.47330960854093,0.0384927066450567,0.287277147487844,0.11709886547812,0.0632090761750405,0.00324149108589951,0,"1.8425","","10.2178","","","15",1,22.8,0,0,0,0,0,0,0,0,2,45.7,"0","0","Non I-35 Corridor","2","1","7","2"
48437,"Swisher","TX",6,7462,7414,0.444009185465352,"36337",0.4699,3.3,23.2821360230446,0.12312427856868,19.6,27.2,4.40395925979056,0.0649112063686467,0.286793223106756,0.119820371504389,0.0351092059604001,0.00265360277607675,0.00163298632373954,"2.0499","0","13.0125","1.426","1.9608","6.5",0,0,1,13.5,1,13.5,1,13.5,0,0,4,54,"0","0","Non I-35 Corridor","1","0","13","13"
48439,"Tarrant","TX",1,2084931,2143755,0.289970936180435,"70306",0.4519,3.5,16.5802299976349,0.101853979397768,10.5,15.4,5.64653375279536,0.0402720518364995,0.199007863764581,0.216460782186441,0.0838609512835669,0.0151977912623175,0.0105753043374161,"1.9166","0.2814","20.7678","4.0888","3.1752","45.1",375,17.5,754,35.2,1826,85.2,415,19.4,1365,63.7,1793,83.6,"152","7.1","Non I-35 Corridor","181","74","3501","2519"
48441,"Taylor","TX",4,137640,139457,0.247991215887028,"55568",0.4507,3.1,17.41743683815,0.129395190094452,12.2,16.9,8.69923467962684,0.0599743577567786,0.245512607436251,0.171886129445843,0.0715845956598129,0.0155396742485398,0.00924782753217152,"2.1353","0.455","19.8483","3.4213","4.0279","72.7",55,39.4,35,25.1,200,143.4,68,48.8,92,66,122,87.5,"10","7.2","Non I-35 Corridor","19","7","547","416"
48443,"Terrell","TX",6,823,1054,0.502768549280177,"42823",0.3626,3.1,24.4458824396133,0.0119331742243437,14,13.2,10.1315789473684,0.0269576379974326,0.197689345314506,0.191270860077022,0.0269576379974326,0,0.00770218228498074,"","0","14.2857","","","72.3",0,0,0,0,0,0,0,0,0,0,0,0,"0","0","Non I-35 Corridor","1","0","2","1"
48445,"Terry","TX",6,12287,13040,0.554803352675693,"44052",0.4391,4,27.2771567106247,0.179468422336016,18.5,27.4,3.31332938889358,0.0723137856139006,0.230356458413185,0.0843234955921809,0.0172479877347643,0.0121374728503897,0.00191644308164048,"1.7771","","15.4281","1.8578","4.8465","20.5",1,7.7,0,0,0,0,1,7.7,0,0,4,30.7,"0","0","Non I-35 Corridor","1","0","77","65"
48447,"Throckmorton","TX",6,1515,1519,0.120666666666667,"41875",0.5069,1.9,27.9468238353729,0.0827489481065919,13.5,27.7,7.43055555555556,0.0731021555763824,0.300843486410497,0.146204311152765,0.0609184629803187,0.0121836925960637,0.00374882849109653,"","0","11.7089","3.481","","18.5",0,0,0,0,1,65.8,0,0,0,0,1,65.8,"0","0","Non I-35 Corridor","1","0","86.23","75.45"
48449,"Titus","TX",5,33033,32953,0.436118499495552,"53406",0.4092,3.7,20.7215860486031,0.159797541576283,14.3,21.4,5.39571798892694,0.0701991393975783,0.284349044331032,0.121535074552187,0.0337736415490844,0.00760532372660863,0.00465325728009607,"1.4462","0.3385","17.1385","3.0154","5.8462","49.4",1,3,4,12.1,25,75.9,10,30.3,14,42.5,30,91,"2","6.1","Non I-35 Corridor","7","4","119","87"
48451,"Tom Green","TX",4,118189,123276,0.405343672299718,"57670",0.453,3.3,13.0231380462646,0.0975484832258515,12,16.6,8.14729631759206,0.061393957680148,0.229256582140655,0.16694433876871,0.0636240800745123,0.0111243752377704,0.00833016306130213,"2.0669","0.4011","17.9426","3.6375","3.4063","46.6",41,33.3,33,26.8,125,101.4,42,34.1,40,32.4,126,102.2,"10","8.1","Non I-35 Corridor","15","9","454.49","321.11"
48453,"Travis","TX",1,1248743,1291502,0.335951215300539,"80668",0.4736,2.7,13.7411847710609,0.0655787732615033,10.2,10.9,4.28836727670696,0.0254224956866984,0.131880784270249,0.324479228017175,0.135949261253271,0.0316678330480896,0.0232433256421449,"2.4612","0.2881","18.503","3.0947","3.3085","39.1",386,29.9,1451,112.3,1698,131.5,176,13.6,1239,95.9,1321,102.3,"241","18.7","I-35 Corridor","126","53","2441","1784"
48455,"Trinity","TX",5,14740,14233,0.104499965960923,"44052",0.4671,5.4,26.1826246976852,0.156265356265356,16.8,26.5,10.8660491104249,0.0594262295081967,0.297969448584203,0.0974292101341282,0.0340909090909091,0.00493666169895678,0,"1.5468","","15.2359","3.4803","2.3202","20.5",2,14.1,0,0,3,21.1,0,0,0,0,3,21.1,"0","0","Non I-35 Corridor","3","2","7","4"
48457,"Tyler","TX",6,21696,21343,0.0799107972495819,"47865",0.4403,6,26.2936353683472,0.171894781263187,18.9,27.9,7.63208404889383,0.0934903500163559,0.323323519790644,0.105070330389271,0.0317958783120707,0.00281321557082107,0.00274779195289499,"1.7354","","17.1367","6.1667","2.82","9.8",1,4.7,0,0,6,28.1,4,18.7,4,18.7,3,14.1,"0","0","Non I-35 Corridor","6","3","34","29"
48459,"Upshur","TX",4,41260,41655,0.0870101000338279,"54330",0.4457,4.4,18.6485171318054,0.144385769872151,12.6,17.8,6.73725912158857,0.0737567980663278,0.275583833931682,0.126257420111613,0.0491238047844169,0.00458536238581026,0.00241709024988448,"1.572","","18.8636","3.2008","2.2159","7.7",8,19.2,4,9.6,16,38.4,8,19.2,2,4.8,7,16.8,"1","2.4","Non I-35 Corridor","20","8","200","148"
48461,"Upton","TX",6,3671,3983,0.542317173377157,"59008",0.3899,3.7,24.1987973451614,0.0505952380952381,12.1,17,5.53204353083434,0.0485726459309757,0.331060928845334,0.0975713677034512,0.0426075841499787,0,0,"","0","16.0326","","","3.7",0,0,0,0,0,0,0,0,0,0,2,50.2,"0","0","Non I-35 Corridor","1","1","47","29"
48463,"Uvalde","TX",5,26846,27937,0.718762779285475,"45936",0.4729,3.9,26.7224907875061,0.232597242461607,19,30.7,5.40628562123433,0.0534692417739628,0.242191225560324,0.144969003338102,0.0410109680495947,0.000894134477825465,0.00751072961373391,"1.7507","0","14.4884","1.811","1.9318","23.6",5,17.9,1,3.6,15,53.7,3,10.7,6,21.5,15,53.7,"1","3.6","Non I-35 Corridor","4","1","129","84"
48465,"Val Verde","TX",5,49208,48253,0.822126565751357,"47675",0.4554,4.4,26.7224907875061,0.189711984378814,15.6,24.3,7.23111839616694,0.0512164754181108,0.193996702224316,0.124305952821617,0.0546825049634889,0.0063263451896221,0.00588888514991419,"1.5934","","14.8589","1.3822","1.5166","21.1",2,4.1,8,16.6,8,16.6,2,4.1,5,10.4,23,47.7,"1","2.1","Non I-35 Corridor","3","1","1160","1182"
48467,"Van Zandt","TX",6,56019,55469,0.113006968018581,"57203",0.4716,3.1,22.6406246423721,0.117156240850981,12.9,17.7,6.40567004249173,0.0613154099711578,0.268695920889988,0.117480428512567,0.0346363823650597,0.00388854552946024,0.00175113308611454,"1.4054","","20.6508","3.2287","2.2917","18.2",18,32.5,5,9,22,39.7,9,16.2,8,14.4,11,19.8,"0","0","Non I-35 Corridor","16","6","158","152"
48469,"Victoria","TX",4,92035,97744,0.47290426317848,"58959",0.4625,4.3,22.8458166122437,0.131180811808118,16.5,24.4,6.09511711691981,0.0482997366372385,0.256786974309708,0.130273466615871,0.0400841435741143,0.00968976197969291,0.00909346893478873,"2.9577","0.1217","18.757","2.6582","3.3602","67.5",17,17.4,14,14.3,82,83.9,14,14.3,32,32.7,87,89,"3","3.1","Non I-35 Corridor","20","8","392","350"
48471,"Walker","TX",5,72480,73997,0.180731724185628,"41508",0.4779,4.5,26.1826246976852,0.0683100155451921,18,20.8,4.81151832460733,0.1400950668037,0.25905704008222,0.131359198355601,0.0425445357999315,0.00635919835560123,0.00991349777321,"1.2736","","15.6117","3.763","2.8946","25.6",22,29.7,8,10.8,79,106.8,12,16.2,10,13.5,38,51.4,"1","1.4","Non I-35 Corridor","10","4","63","92"
48473,"Waller","TX",2,53126,50731,0.304180807817104,"61752",0.4577,4.2,19.623938202858,0.0934813293981779,12.6,17.4,3.70461668486108,0.0359432157599758,0.278954257139981,0.153035540490653,0.0605094472597913,0.0112091821324294,0.00503406383192939,"1.643","","15.6224","2.005","2.6177","4.4",6,11.8,7,13.8,19,37.5,4,7.9,6,11.8,5,9.9,"2","3.9","Non I-35 Corridor","17","5","85","69"
48475,"Ward","TX",6,11720,13592,0.542528735632184,"61915",0.4237,4.5,24.4458824396133,0.114390243902439,9.8,14.4,5.45345242184816,0.049396118876374,0.315646627764961,0.0910571312254037,0.0195413217532908,0.00122133260958068,0.00352829420545529,"1.8972","0","15.8103","1.7391","2.4506","32.5",1,7.4,0,0,1,7.4,1,7.4,0,0,1,7.4,"0","0","Non I-35 Corridor","7","2","43","26"
48477,"Washington","TX",5,35108,35155,0.163061658398299,"59623",0.473,3.6,18.638750910759,0.0730425643720441,11.7,17.6,6.04105571847507,0.0318368731188266,0.278222900504472,0.182373140022892,0.060621476111747,0.0211115350375175,0.0167874856924838,"1.3156","0.6322","14.4712","1.7427","2.3407","29.2",4,11.4,4,11.4,16,45.5,6,17.1,11,31.3,28,79.6,"2","5.7","Non I-35 Corridor","6","4","84","88"
48479,"Webb","TX",3,275910,276183,0.955073186172671,"50296",0.4625,4.3,28.8039803504944,0.245594511795973,19.9,30.3,2.05754846245423,0.0391889155272768,0.206507750899862,0.133839390118828,0.0418607385728937,0.00793707824064699,0.0039914031317163,"2.0956","0.3276","14.5442","1.4976","2.3244","16.2",94,34,8,2.9,125,45.3,35,12.7,40,14.5,116,42,"8","2.9","Non I-35 Corridor","14","5","544","461"
48481,"Wharton","TX",5,41619,41941,0.418122480322519,"51770",0.4783,3.8,19.623938202858,0.16211962224554,13.8,20.6,5.32595621842675,0.0502306890906385,0.240511980949546,0.127511534454532,0.0476261348414943,0.00502306890906385,0.00755320732251823,"1.5457","0.2728","14.8754","1.4184","3.2551","31.5",1,2.4,7,16.7,25,59.6,6,14.3,4,9.5,23,54.8,"1","2.4","Non I-35 Corridor","14","5","130","121"
48483,"Wheeler","TX",6,5191,5783,0.258145363408521,"49036",0.4306,4.3,23.2821360230446,0.126699029126214,13.5,20.3,5.77154308617235,0.0727117194183062,0.233818078129455,0.118619903051041,0.0285143997718848,0.00256629597946963,0.00285143997718848,"1.3793","0","14.5977","2.4138","2.1839","4.3",0,0,0,0,2,34.6,1,17.3,0,0,3,51.9,"0","0","Non I-35 Corridor","1","1","3","2"
48485,"Wichita","TX",4,132064,133138,0.195400820255157,"49710",0.459,3.6,19.3027421832085,0.133771478017224,16,20.9,8.54503285659065,0.0762211676936516,0.249793422574781,0.154047737091862,0.060226172769554,0.0102698491394575,0.00676393512288406,"2.1193","0.1793","24.4593","6.8743","3.7387","78.2",27,20.3,42,31.5,149,111.9,117,87.9,45,33.8,125,93.9,"25","18.8","Non I-35 Corridor","12","5","485","400"
48487,"Wilbarger","TX",5,12820,13038,0.297004010379807,"45121",0.4098,4.8,21.9790354371071,0.178314696485623,14.6,21.1,4.70241328470552,0.0843661171119954,0.249801023308698,0.118703808982376,0.0247868106878908,0.00284252416145537,0.00261512222853894,"5.1969","","20.0219","10.3939","3.1729","49.6",4,30.7,12,92,14,107.4,17,130.4,6,46,5,38.3,"5","38.3","Non I-35 Corridor","2","1","30",""
48489,"Willacy","TX",5,21515,22134,0.881833885802325,"37906",0.4603,8.4,22.7710723876953,0.264535872152329,24.7,34,3.347550089268,0.0890481820869051,0.282663316582915,0.0641442506650902,0.0223174697014484,0.0028081584392551,0.0028081584392551,"2.657","0","23.1884","3.9855","3.6232","16.2",1,4.5,3,13.6,11,49.7,5,22.6,9,40.7,7,31.6,"0","0","Non I-35 Corridor","1","0","62","52"
48491,"Williamson","TX",2,566719,589914,0.246212991092794,"90834",0.3948,2.7,10.2283902466297,0.0502676582692318,5.6,6.3,5.74893640079013,0.0331091117876971,0.169332918953656,0.276482548645716,0.112380295192845,0.0172090475237303,0.0126420918447973,"2.0875","0.1303","18.9043","2.7049","1.8703","29.2",107,18.1,237,40.2,504,85.4,56,9.5,211,35.8,509,86.3,"55","9.3","I-35 Corridor","39","16","626","466"
48493,"Wilson","TX",2,50224,51802,0.40055877070445,"80082",0.4374,3,19.5224091410637,0.0859467918622848,9.4,11.5,8.88589632785963,0.0634808468038748,0.279863380737862,0.159879869269499,0.0563554456320113,0.00444601478079086,0.00845037246415217,"1.5632","","17.1738","3.293","2.3135","12.1",5,9.7,8,15.4,27,52.1,6,11.6,15,29,16,30.9,"1","1.9","Non I-35 Corridor","15","6","117","0"
48495,"Winkler","TX",6,7720,9295,0.614804397852212,"63585",0.3947,5.4,24.4458824396133,0.0958747135217723,11.8,16.9,3.36285457579258,0.0629401408450704,0.241197183098592,0.0726232394366197,0.0169454225352113,0.00308098591549296,0.00264084507042254,"1.8088","0","14.7287","1.5504","","8.2",1,10.8,0,0,0,0,0,0,1,10.8,1,10.8,"0","0","Non I-35 Corridor","7","4","88.23","68.62"
48497,"Wise","TX",2,68305,65807,0.195848800895646,"67726",0.4185,3.3,21.9790354371071,0.0905005841646446,10,12.4,6.69658468352955,0.0611422564821303,0.28114050455501,0.14041695865452,0.033396110721794,0.0056499649614576,0.00865014015416959,"1.4419","","19.6777","3.5765","2.7566","45",7,10.6,10,15.2,34,51.7,8,12.2,18,27.4,41,62.3,"2","3","Non I-35 Corridor","11","5","186","169"
48499,"Wood","TX",6,45129,45292,0.102321658454299,"56749",0.4747,4.3,22.6406246423721,0.106365159128978,13.5,21.4,9.57563053319359,0.0682352223137722,0.262290579511123,0.121822454148738,0.0487350849888614,0.0141902407763435,0.00698831212426379,"1.7599","","18.8675","3.1045","1.8037","29.2",18,39.7,3,6.6,25,55.2,11,24.3,5,11,21,46.4,"0","0","Non I-35 Corridor","11","4","151","105"
48501,"Yoakum","TX",6,8591,9225,0.669530887134231,"69004",0.4193,4.8,27.2771567106247,0.0980392156862745,10.8,14.9,3.26228229789446,0.0748916042569965,0.226251478123768,0.099329917225069,0.017540402049665,0.000788332676389436,0,"1.3699","0","13.2005","","2.2416","15.8",0,0,0,0,1,10.8,0,0,0,0,4,43.4,"0","0","Non I-35 Corridor","","","15","9"
48503,"Young","TX",6,18045,18712,0.189911474862201,"52158",0.4655,3.2,21.9790354371071,0.115605393138433,14.8,22.1,6.77226171153523,0.0555957258777215,0.248413272274444,0.164698320880533,0.0574435606973568,0.0109263276291476,0.00265124126295493,"1.8628","","21.0838","3.2458","3.1329","37.7",3,16,3,16,10,53.4,9,48.1,4,21.4,16,85.5,"0","0","Non I-35 Corridor","3","1","80","68"
48505,"Zapata","TX",5,14190,14409,0.945517096117391,"32945",0.5495,8.5,37.2842580080032,0.243335465984218,24.6,39.5,2.94477644178847,0.0384711155378486,0.267554780876494,0.111304780876494,0.00697211155378486,0.00323705179282869,0,"2.459","0","15.4247","2.0864","2.608","3.8",3,20.8,0,0,1,6.9,0,0,0,0,0,0,"0","0","Non I-35 Corridor","","","156","83"
48507,"Zavala","TX",6,11983,12682,0.938809723386421,"40090",0.4014,9.2,26.7224907875061,0.317909635274905,27.2,39,3.64012409513961,0.0895648500211238,0.2605266863822,0.0697084917617237,0.0494296577946768,0.00337980566117448,0.00112660188705816,"2.7128","0","14.3124","2.5257","2.7128","2.6",2,15.8,0,0,2,15.8,3,23.7,0,0,2,15.8,"0","0","Non I-35 Corridor","2","1","64","20"
