"","County Code","Population","ACS5Y2020_Hispanic_Percent","ACS5Y2020_Poverty_Percent","ACS5Y2020_GINI_Index","ACS5Y2020_Highschool_Percent","ACS5Y2020_GED_Percent","ACS5Y2020_Bachelors_Percent","ACS5Y2020_Masters_Percent","ACS5Y2020_Professional_Percent","ACS5Y2020_Doctorate_Percent","ACS5Y2020_SNAP_Percent","ACS5Y2020_Unemployment_Percent","ACS5Y2020_Median Household Income"
"Anderson County, Texas","001",58133,0.182564120207111,0.153089143865843,0.4295,0.258973695963894,0.127806116452364,0.0822735713781999,0.0275733997790367,0.00693448673044827,0.00298535530429468,0.163804090550464,0.040241847556745,49736
"Andrews County, Texas","003",18184,0.573581170259569,0.122805080066262,0.4602,0.258187772925764,0.0548580786026201,0.139283114992722,0.0318413391557496,0.0101892285298399,0.00691411935953421,0.104582468465592,0.0291931487665625,80518
"Angelina County, Texas","005",86584,0.227466968493024,0.172872688351073,0.4306,0.249885284670502,0.0661819208640712,0.120309907874766,0.0475274434365183,0.00704175637993717,0.00554163284035156,0.188661680202883,0.0628024219086464,52377
"Aransas County, Texas","007",24149,0.285726117023479,0.225240758652593,0.5371,0.253204603720068,0.0764741177112311,0.165166639393444,0.057655593738068,0.0133093328969618,0.011563846615393,0.161882893226177,0.0815424784093191,51509
"Archer County, Texas","009",8616,0.0844939647168059,0.114993572513731,0.4721,0.329074012612015,0.0517756388981082,0.151676070361766,0.0506140059741122,0.0142714902090939,0.00796548290740126,0.0747552654998517,0.0324449594438007,67083
"Armstrong County, Texas","011",1980,0.0873737373737374,0.0384215991692627,0.3707,0.261302681992337,0.0114942528735632,0.178544061302682,0.0773946360153257,0.010727969348659,0,0.0155367231638418,0.010250569476082,71136
"Atascosa County, Texas","013",48684,0.653356338838222,0.125154220948955,0.4298,0.34852832135143,0.0491311776653019,0.112672877913537,0.0283052322769915,0.00548051194429221,0.0017731068055063,0.141078055223599,0.0631520119225037,63391
"Austin County, Texas","015",30132,0.278541085888756,0.0937384837012965,0.4222,0.296650485436893,0.0406796116504854,0.166893203883495,0.0477184466019417,0.0142718446601942,0.01,0.0922219407144667,0.0549334738506126,68400
"Bailey County, Texas","017",6968,0.66532721010333,0.109471820596046,0.4267,0.291685912240185,0.0503464203233256,0.101847575057737,0.0133949191685912,0.0203233256351039,0.0140877598152425,0.131659836065574,0.0231874591770085,64044
"Bandera County, Texas","019",20839,0.200489466865013,0.119933506087127,0.4381,0.247456349704811,0.039819118201231,0.171209647029268,0.0737972616505464,0.0177113427961311,0.0122472051249843,0.0685911964690445,0.0671022609417133,64495
"Bastrop County, Texas","021",94887,0.401224614541507,0.108881933952083,0.4055,0.260954126080946,0.0522229723213425,0.158678111036101,0.049651203909088,0.00880830681197158,0.0142250940302826,0.0756611557033673,0.0402782943531625,78339
"Baylor County, Texas","023",3491,0.142079633342882,0.15318772136954,0.4672,0.323256751309956,0.0532043530834341,0.153970173317211,0.0382910116888351,0.00443369609028618,0,0.10934393638171,0.0351370344342937,43705
"Bee County, Texas","025",31191,0.595460228912186,0.178930335547607,0.4747,0.202288286598518,0.121635562224515,0.0677576666979274,0.0305261183531839,0.0176310606771078,0.00267279377285942,0.162292573849594,0.072845260945069,48822
"Bell County, Texas","027",364703,0.258166233894429,0.142667613636364,0.4412,0.210737089349754,0.0486998231633512,0.174042359801835,0.0669459455811086,0.0149208734740527,0.00960677468851102,0.134543337189614,0.0768624139194367,57932
"Bexar County, Texas","029",1990522,0.608884001282076,0.151335129525202,0.4654,0.197752350359347,0.0461204506872206,0.186364748871444,0.0812309838471686,0.0201798964223242,0.0121437513635329,0.136445022060341,0.0560920658336633,62169
"Blanco County, Texas","031",11313,0.20144965968355,0.106209003504358,0.4619,0.229785763648929,0.0573600552868003,0.195001151808339,0.0439990785533287,0.0105966367196498,0.00783229670582815,0.0659086123394399,0.0425232823756809,71201
"Borden County, Texas","033",550,0.118181818181818,0.0236363636363636,0.4377,0.23463687150838,0.0139664804469274,0.329608938547486,0.0502793296089385,0,0,0.0306122448979592,0.0441176470588235,68500
"Bosque County, Texas","035",18275,0.193488372093023,0.144726584252144,0.4069,0.277362234773317,0.0544191726453976,0.127919401618074,0.0357960616699741,0.00923523126240269,0.0108380399938941,0.110558476623561,0.0383437461717506,59328
"Bowie County, Texas","037",92957,0.0799186720741848,0.163702575495574,0.4845,0.274644308943089,0.0631192835365854,0.147008384146341,0.0620871443089431,0.014037093495935,0.00617695630081301,0.106347291292705,0.0414334538610134,54949
"Brazoria County, Texas","039",368575,0.315892287865428,0.0735932558224378,0.4167,0.189307373522822,0.0528437880595402,0.201661006663147,0.0799120447923118,0.0162151826650095,0.0150762541722609,0.0765424350680699,0.0506367091139409,87958
"Brazos County, Texas","041",231095,0.263640494169065,0.236139783146423,0.5172,0.160508351140029,0.0489944219026354,0.231302969916689,0.107840548046065,0.0227285459332709,0.0602946707962194,0.0878304853695577,0.0438583609049836,52658
"Brewster County, Texas","043",9501,0.455215240501,0.141286776592305,0.4608,0.131005586592179,0.0328212290502793,0.264106145251397,0.138128491620112,0.0343575418994413,0.0238826815642458,0.0990225244368891,0.0335952848722986,48679
"Briscoe County, Texas","045",1266,0.364139020537125,0.193471337579618,0.4787,0.246376811594203,0.110766045548654,0.0973084886128364,0.0383022774327122,0.015527950310559,0.005175983436853,0.0861759425493716,0.0183946488294314,38469
"Brooks County, Texas","047",7100,0.916338028169014,0.375327275527491,0.5142,0.207427727368643,0.0578181050854611,0.130618273897447,0.0497995357670395,0,0,0.295257731958763,0.0165289256198347,26827
"Brown County, Texas","049",38085,0.230641985033478,0.132099307920466,0.4685,0.269615428161679,0.0787636336189003,0.142959580329849,0.0392119862625958,0.00407593312450466,0.0078122051553006,0.12128864923896,0.0522960622813946,49232
"Burleson County, Texas","051",17687,0.21258551478487,0.13020564816406,0.4341,0.298664736164736,0.0415057915057915,0.153474903474903,0.0435971685971686,0.00667631917631918,0.00691763191763192,0.1143772638618,0.0554243817571766,64109
"Burnet County, Texas","053",48424,0.226891623988105,0.0716602088948787,0.4369,0.258675713751761,0.0450820850464334,0.178545757741296,0.0722233403294902,0.0155257180644605,0.0119318018458354,0.0698957694665849,0.0365891472868217,65363
"Caldwell County, Texas","055",45286,0.540785231638917,0.133164662736178,0.4296,0.315414859002169,0.0693126355748373,0.113340563991323,0.0395539587852495,0.00399945770065076,0.00328768980477223,0.0852252881592735,0.0238118145083702,63380
"Calhoun County, Texas","057",20367,0.497765994009918,0.0972090940749216,0.4106,0.263771730360155,0.0590478984816255,0.124330668231497,0.0374825790361623,0.000806865693537739,0.0116628768429546,0.169979349509551,0.0410510659395141,61887
"Callahan County, Texas","059",13781,0.102750163268268,0.0828753572213673,0.4002,0.264946764946765,0.0746314496314496,0.171683046683047,0.0444307944307944,0.00317362817362817,0.00481162981162981,0.0945302077377549,0.0450422270878949,55820
"Cameron County, Texas","061",420554,0.899867793434375,0.263233320334275,0.4697,0.219098841068261,0.0415019047350869,0.131569525847678,0.043605762075055,0.00913951027993773,0.0052495866704748,0.246289317849727,0.0595430076998206,43057
"Camp County, Texas","063",12498,0.261801888302128,0.194527162977867,0.4628,0.290949065591792,0.0459264687919873,0.156834005130084,0.0498351044338586,0.0108708928789544,0.0100158788322951,0.19521094640821,0.0815583469870745,50947
"Carson County, Texas","065",5856,0.105703551912568,0.0883816715290887,0.4051,0.262323507555115,0.0601932127817686,0.184790686153084,0.0748080257617042,0.000990834778300718,0.000495417389150359,0.0398773006134969,0.0215924426450742,76786
"Cass County, Texas","067",28692,0.0501533528509689,0.183592095977417,0.4319,0.357085828343313,0.0732534930139721,0.119461077844311,0.0383233532934132,0.00663672654690619,0.00888223552894212,0.165156978278076,0.0876035853204803,49626
"Castro County, Texas","069",7450,0.654765100671141,0.114134849715678,0.4193,0.254055238930294,0.0692678649715037,0.165716790881192,0.0359491451117931,0.00109601052170101,0.0155633494081543,0.110053785684733,0.0405883955325524,53551
"Chambers County, Texas","071",45257,0.242216673663743,0.15011362117364,0.4418,0.210710780877611,0.0487522781438385,0.161152390298612,0.0506799383148745,0.0208187298471891,0.00665918968176083,0.0813149949681315,0.0842812360053739,93707
"Cherokee County, Texas","073",50564,0.23936001898584,0.147927122432626,0.4335,0.231103150992654,0.0727338959383158,0.113016817436707,0.0465363365915852,0.00513022888713496,0.00938012263979115,0.142354041710229,0.0660171189218721,54222
"Childress County, Texas","075",6784,0.341833726415094,0.131109833237493,0.4307,0.255655655655656,0.105705705705706,0.146346346346346,0.023023023023023,0.015015015015015,0.0044044044044044,0.123188405797101,0.0721847930702599,53092
"Clay County, Texas","077",10236,0.0685814771395076,0.10345506447485,0.3985,0.287244010172668,0.0556819702851024,0.16932137598715,0.0485878731093562,0.00883415874715567,0.00441707937357783,0.100509832483613,0.0179196704428424,69967
"Cochran County, Texas","079",2553,0.596944770857814,0.270891089108911,0.4878,0.274718768502072,0.0580224985198342,0.0722320899940793,0.0224985198342214,0.00177619893428064,0,0.192189105858171,0.0844594594594595,38203
"Coke County, Texas","081",3288,0.225973236009732,0.140240050536955,0.4608,0.264372822299652,0.0692508710801394,0.129355400696864,0.0579268292682927,0.00871080139372822,0.00827526132404181,0.0903179190751445,0.0283687943262411,42639
"Coleman County, Texas","083",7848,0.181065239551478,0.177092738294854,0.4418,0.267195311153249,0.0506809170832615,0.140493018445096,0.0363730391311843,0.0110325805895535,0.00241337700396483,0.0896958410924891,0.0655829596412556,47216
"Collin County, Texas","085",1039812,0.155708916611849,0.0647993375740973,0.4319,0.12745149510576,0.0195302929543943,0.336244210329822,0.1559637977903,0.0254599652328118,0.0166850419422958,0.0278897412560135,0.0425195931416931,104327
"Collingsworth County, Texas","087",2948,0.314789687924016,0.206096293730516,0.5185,0.19318786588611,0.0377860564129856,0.191059073975519,0.0271420968600319,0.00745077168706759,0.0106439595529537,0.188983855650522,0.0463709677419355,42446
"Colorado County, Texas","089",20559,0.310375018240187,0.0888223552894212,0.4922,0.32792766934558,0.0298507462686567,0.154348450057405,0.0315011481056257,0.0124138920780712,0.00889781859931114,0.0801543077582512,0.0447940565934666,55945
"Comal County, Texas","091",156257,0.283136115502025,0.0671632654376277,0.4397,0.201192959344238,0.037938668715922,0.258178724338566,0.106424049474878,0.019916200095144,0.0114996157646284,0.044931976150476,0.0355395380649235,85912
"Comanche County, Texas","093",13540,0.288478581979321,0.134286998202516,0.4263,0.263353115727003,0.0590292496820687,0.132683340398474,0.0509749894022891,0.00339126748622298,0.00614667231877914,0.0737641105488517,0.074799506477483,55743
"Concho County, Texas","095",3181,0.345803206538824,0.137103684661525,0.4149,0.283772981614708,0.0935251798561151,0.0883293365307754,0.0399680255795364,0,0,0.0846824408468244,0.0128342245989305,46719
"Cooke County, Texas","097",41215,0.187189130171054,0.141189824067905,0.4412,0.258077183963443,0.06004783834922,0.150655099782228,0.0475527471350541,0.0126378922566135,0.00960337010460176,0.104246864522538,0.0378430428502648,63338
"Coryell County, Texas","099",81692,0.192528032120648,0.107643785349285,0.404,0.205839810225454,0.0826599294131261,0.11938053268018,0.0477714991031996,0.00270004435787159,0.0029507627625311,0.109877264757452,0.0607993043226204,58414
"Cottle County, Texas","101",1560,0.206410256410256,0.230128205128205,0.4899,0.218163869693978,0.0641658440276407,0.132280355380059,0.0602171767028628,0,0.00394866732477789,0.206422018348624,0.0377113133940182,43654
"Crane County, Texas","103",4654,0.656209712075634,0.05436212187637,0.3802,0.296809986130374,0.0773231622746186,0.111997226074896,0.0305131761442441,0,0,0.0223048327137546,0.0345643939393939,67804
"Crockett County, Texas","105",2939,0.605307927866621,0.0732803318354649,0.337,0.337971274685817,0.0435368043087971,0.098294434470377,0.0502692998204668,0.013016157989228,0,0.0431765612952968,0.0156936597614564,52731
"Crosby County, Texas","107",5265,0.566571699905033,0.233558341369335,0.5393,0.274492753623188,0.0982608695652174,0.113623188405797,0.0260869565217391,0.00347826086956522,0.00173913043478261,0.241985522233713,0.0472567080496596,44304
"Culberson County, Texas","109",2209,0.828881846989588,0.281434407625965,0.4077,0.375900458415193,0.0150622134905043,0.163064833005894,0.000654878847413229,0.00851342501637197,0,0.279179810725552,0.125,34239
"Dallam County, Texas","111",7135,0.471338472319552,0.149772209567198,0.5141,0.255333792154164,0.0568937829777472,0.125028676301904,0.0268410185822436,0.00160587290662996,0.00367056664372562,0.0992817912970004,0.0252237591537836,61069
"Dallas County, Texas","113",2604722,0.407278396696461,0.142406918166242,0.491,0.193363154930249,0.032590574905156,0.206195183444543,0.0878143709898048,0.0238944303548492,0.0116548602149897,0.104479613450667,0.0515082085199126,65011
"Dawson County, Texas","115",12371,0.586048015520168,0.225404376784015,0.4991,0.251892724239702,0.0786603361991531,0.114590016681637,0.0150134736301809,0.0052611317849352,0.0020531245989991,0.159943046986236,0.0816847479259732,42778
"Deaf Smith County, Texas","117",18675,0.744042838018742,0.150095238095238,0.4183,0.316371277178878,0.0873378403069614,0.0812168828795907,0.0210122419148547,0.00602959985382788,0.00621231500091358,0.16754617414248,0.0361730899256254,49611
"Delta County, Texas","119",5251,0.0891258807846124,0.158522508657176,0.4452,0.249929873772791,0.0687237026647966,0.162973352033661,0.0563814866760168,0.00112201963534362,0.00280504908835905,0.0811861934856587,0.042247570764681,58705
"Denton County, Texas","121",885012,0.196277564597994,0.0723935019290433,0.4293,0.143323041395389,0.0258553009157157,0.316707851448677,0.124153810259353,0.0180656719874794,0.0142508996220991,0.0446916599003879,0.0410975541768543,96265
"DeWitt County, Texas","123",19834,0.362256730866189,0.161044734648513,0.4898,0.312504483822369,0.0950570342205323,0.0886720711672286,0.02883994547672,0.00825023315876318,0.000573929263218308,0.121936459909228,0.0627848101265823,57873
"Dickens County, Texas","125",1569,0.338432122370937,0.149122807017544,0.49,0.254483347566183,0.0734415029888984,0.137489325362938,0.0367207514944492,0.0170794192997438,0.0102476515798463,0.121259842519685,0.0888157894736842,42241
"Dimmit County, Texas","127",8840,0.877828054298643,0.464903240581702,0.5118,0.242435223772423,0.0824424714622214,0.0786374343178112,0.0382315636890741,0.00942199673853959,0.00398622938938213,0.264645072363887,0.059493206022769,25000
"Donley County, Texas","129",3266,0.11849357011635,0.130653266331658,0.4188,0.238862559241706,0.0819905213270142,0.109004739336493,0.0445497630331754,0.0037914691943128,0,0.0209555741827326,0.000692520775623269,52888
"Duval County, Texas","131",10001,0.893310668933107,0.235874059154034,0.4418,0.289782506649977,0.0441245501486465,0.0528868721639806,0.0342669378813957,0.00125176028790487,0,0.278325123152709,0.102799227799228,43836
"Eastland County, Texas","133",17785,0.171099240933371,0.187370539148961,0.5147,0.219159996699398,0.0717881013284924,0.139863025002063,0.0571004208268009,0.00792144566383365,0.00899414143081112,0.128863670300134,0.0545866063107442,43953
"Ector County, Texas","135",161258,0.627292909499064,0.141085154767051,0.4446,0.228864734299517,0.0688405797101449,0.112589538564051,0.0388035149092121,0.00747542895219057,0.00381059470264868,0.108490486114641,0.0614972924529493,64975
"Edwards County, Texas","137",1366,0.453147877013177,0.131014063656551,0.4902,0.164847161572052,0.0534934497816594,0.155021834061135,0.0545851528384279,0,0,0.0573476702508961,0,40000
"El Paso County, Texas","141",860485,0.828887197336386,0.192735136157114,0.4681,0.177077543144951,0.0608108744684018,0.165830367186661,0.0598404781510087,0.0129505512416362,0.00802131480221816,0.203288848174443,0.0676843215266351,50919
"Ellis County, Texas","139",187984,0.271879521661418,0.0816259620759341,0.4083,0.226716110424392,0.045554182117841,0.179118252987227,0.0702513391017717,0.00818294190358467,0.0050103007828595,0.0670568348536072,0.0399205886265721,85272
"Erath County, Texas","143",42288,0.217413923571699,0.169403244208542,0.4794,0.2135435471577,0.0641473101456252,0.208328318690576,0.0802342841096,0.0106711597865768,0.0092670598146588,0.0770467640359105,0.0556058081409188,56691
"Falls County, Texas","145",17074,0.242591074147827,0.228670505103376,0.522,0.269221157850895,0.0658059142024157,0.0835485214493961,0.0297376093294461,0.00641399416909621,0.00691378592253228,0.185089499907732,0.0807146275323018,35317
"Fannin County, Texas","147",35453,0.121061687304318,0.128037900695256,0.4843,0.271480694438876,0.0797482057656068,0.124894751613809,0.0478328856100397,0.00489154404394371,0.00870053325849004,0.126142742582197,0.0483725717226296,59686
"Fayette County, Texas","149",24445,0.218613213336061,0.0983885704792757,0.4788,0.352245467224547,0.0356485355648536,0.165913528591353,0.0522733612273361,0.00691771269177127,0.00529986052998605,0.0595183486238532,0.0348879248011569,66624
"Fisher County, Texas","151",3720,0.291129032258065,0.110114192495922,0.4218,0.288871951219512,0.0605945121951219,0.12842987804878,0.0567835365853659,0.00685975609756098,0.0038109756097561,0.11545988258317,0.0378630705394191,55862
"Floyd County, Texas","153",5478,0.592917123037605,0.133259709184613,0.4232,0.234946539110861,0.0613393359594823,0.106640405177265,0.0343275182892515,0.00759707371975239,0.00084411930219471,0.177930306230201,0.0447390223695112,54007
"Foard County, Texas","155",1087,0.216191352345906,0.123444976076555,0.4946,0.178398058252427,0.0558252427184466,0.127427184466019,0.0424757281553398,0,0,0.125265392781316,0.100970873786408,37679
"Fort Bend County, Texas","157",806497,0.249227213492425,0.071508826745821,0.4263,0.150867319404826,0.0286292498650836,0.285847274689692,0.142803176316398,0.0254799167373371,0.0264937167527561,0.0636419071731261,0.0546236885300039,102590
"Franklin County, Texas","159",10413,0.153173917218861,0.0869565217391304,0.4572,0.215804195804196,0.0594405594405594,0.199440559440559,0.0711888111888112,0.00587412587412587,0.0151048951048951,0.0854483925549915,0.0664512219753585,61391
"Freestone County, Texas","161",19478,0.164390594516891,0.132680714562248,0.4513,0.267385483754251,0.0668644619726464,0.112526231999421,0.0353860626673421,0.00709168536073522,0.0046313047253781,0.149535556570732,0.0271395942496305,55910
"Frio County, Texas","163",18428,0.798350336444541,0.249845307665865,0.4905,0.30398322851153,0.0731236897274633,0.0405870020964361,0.0277568134171908,0.00779874213836478,0.0128301886792453,0.214780600461894,0.0511838933787041,58456
"Gaines County, Texas","165",21167,0.423914584022299,0.139522747758433,0.4362,0.251931858096242,0.0735862311204777,0.0829820864067439,0.0217773094485423,0.00254654021777309,0,0.0881180811808118,0.0328842201415848,67728
"Galveston County, Texas","167",347084,0.254857613718869,0.107928817774441,0.4544,0.193080648683833,0.0503556455791606,0.221780668810675,0.0746448897091885,0.0192061459667093,0.0166924318792047,0.11126276757888,0.0571952537539954,79328
"Garza County, Texas","169",5734,0.498604813393791,0.1376574895007,0.3758,0.232694106641721,0.0912067352666043,0.0703928905519177,0.0427970065481759,0.00140318054256314,0.00187090739008419,0.121407624633431,0.069206008583691,64871
"Gillespie County, Texas","171",26730,0.242162364384587,0.111947354487349,0.4788,0.2301152368758,0.0334955185659411,0.231856594110115,0.0885531370038412,0.0180281690140845,0.0138284250960307,0.0365015618027666,0.0472292191435768,64438
"Glasscock County, Texas","173",1221,0.441441441441441,0.124488124488124,0.478,0.168471720818291,0.0144404332129964,0.235860409145608,0.0613718411552347,0.0108303249097473,0,0.0984682713347921,0,85417
"Goliad County, Texas","175",7085,0.361750176429076,0.10769890015712,0.5013,0.248866995073892,0.0386206896551724,0.138916256157635,0.0364532019704433,0.0025615763546798,0.00354679802955665,0.135529764133283,0.0375816993464052,52335
"Gonzales County, Texas","177",19720,0.517951318458418,0.138634728076488,0.4755,0.376153244722439,0.0543393275996873,0.0930414386239249,0.0297107114933542,0.00523846755277561,0.00774042220484754,0.143143009605123,0.00791829240302961,55698
"Gray County, Texas","179",21398,0.300401906720254,0.162581823717461,0.4877,0.2484410430839,0.0834041950113379,0.110402494331066,0.0283446712018141,0.00552721088435374,0.00212585034013605,0.128029437888593,0.049645390070922,50635
"Grayson County, Texas","181",134205,0.141797995603741,0.119685577580314,0.4376,0.241952955741257,0.0589932351770792,0.143973559711721,0.0521289295662555,0.0111531149135606,0.0103019852323473,0.0995276454793124,0.0393849882602439,62078
"Gregg County, Texas","183",123744,0.193649793121283,0.172572599248815,0.4628,0.237218481831695,0.0442309854228862,0.146208326567321,0.0496396317623693,0.0111545523814282,0.00489651123574453,0.136172675440477,0.0372902211436579,56566
"Grimes County, Texas","185",28878,0.244511392755731,0.166600286761192,0.4707,0.245674395412615,0.0900523560209424,0.112440787833458,0.0513089005235602,0.00732984293193717,0.00473697332336076,0.132537754778752,0.0493155493155493,59086
"Guadalupe County, Texas","187",169477,0.387020067619795,0.0915315293822949,0.3945,0.259128218382097,0.0440792463928275,0.187341253219496,0.0794781074264529,0.00995481565321237,0.0103380359514112,0.0833176474614555,0.044287129430525,80047
"Hale County, Texas","189",32879,0.606344475196934,0.170294203509682,0.4385,0.240622683469236,0.0797627872498147,0.109809735606622,0.0457622930565851,0.00434890042006424,0.00721522115147023,0.167389340560072,0.0452083194007891,48649
"Hall County, Texas","191",2875,0.344695652173913,0.173375706214689,0.4896,0.265429001505268,0.0642247867536377,0.137982940291019,0.0526843953838435,0.00150526843953838,0.00100351229302559,0.106890459363958,0.0973782771535581,41467
"Hamilton County, Texas","193",8211,0.1362805991962,0.210179193628671,0.4938,0.29653107941539,0.0600457827082233,0.161648177496038,0.0394435640077478,0.0142630744849445,0.00105652403592182,0.104810996563574,0.0373719107896323,44030
"Hansford County, Texas","195",5332,0.485746436609152,0.0933232169954476,0.4101,0.223285978999382,0.0611488573193329,0.197652872143298,0.0302655960469426,0.00216182828906733,0.00679431747992588,0.0674603174603175,0.113457556935818,47500
"Hardeman County, Texas","197",3567,0.249229044014578,0.114607390300231,0.4126,0.334682314852286,0.0348037231889923,0.109672197490894,0.0327802509105625,0.0129502225819506,0.0028328611898017,0.11620294599018,0.0252233315817131,56400
"Hardin County, Texas","199",56124,0.0629855320362055,0.116367502883506,0.4282,0.333500131682908,0.060995522781143,0.142849618119568,0.0379773505398999,0.00210692652093758,0.0045298920200158,0.126993387786853,0.0424867102219697,65347
"Harris County, Texas","201",4697957,0.436341584224802,0.156231762266616,0.4968,0.190709646644894,0.0368621896483456,0.20560705753547,0.0826492730669374,0.0228779294565342,0.0141284243981643,0.130252402317029,0.0648463273147834,65788
"Harrison County, Texas","203",68674,0.136922270437138,0.17024305451494,0.465,0.273406516356625,0.0542737570937137,0.144919914984991,0.052520870308289,0.00784416836477574,0.00595981507044414,0.132270555280936,0.0661667685772214,57996
"Hartley County, Texas","205",5465,0.275754803293687,0.0561576354679803,0.367,0.227923038973853,0.127035027133695,0.139861864824864,0.0658608781450419,0.00345337937839171,0.0219536260483473,0.0651408450704225,0.00761904761904762,61196
"Haskell County, Texas","207",5420,0.287638376383764,0.123852314905255,0.5581,0.27776319243896,0.104751903386716,0.100026253609871,0.0735101076398005,0.000525072197427146,0.0028878970858493,0.192118226600985,0.0679898648648649,48432
"Hays County, Texas","209",234573,0.400429716975099,0.135817112332354,0.4496,0.189881144492935,0.0365968314553134,0.249849150330466,0.102598824074204,0.0155690891486466,0.018719391549612,0.0649639677829589,0.0560904077273742,71061
"Hemphill County, Texas","211",3450,0.354782608695652,0.0623536299765808,0.5042,0.323696890056943,0.0332895313184406,0.170827858081472,0.0407358738501971,0.00438020148926851,0.000876040297853701,0.0641672674837779,0.0624635143023935,54867
"Henderson County, Texas","213",81717,0.135871360916333,0.170012586140292,0.4862,0.274313436714892,0.0615957723295504,0.120471281296024,0.0501949233301568,0.00786623927921684,0.00353460972017673,0.135222438993188,0.0627764345108215,51963
"Hidalgo County, Texas","215",865677,0.924958154138322,0.281433264330541,0.4785,0.204422484982301,0.0382994715976053,0.136034510579282,0.0451542007683996,0.00758595474980034,0.00614188635774088,0.290410295495324,0.0776753584675857,44666
"Hill County, Texas","217",35686,0.215630779577425,0.123382424993515,0.4419,0.267166810150453,0.0767023326364121,0.121018324929283,0.0418152748739392,0.009510925265445,0.00110687492313369,0.113394157785785,0.0548091784567828,57800
"Hockley County, Texas","219",21670,0.493308721735118,0.158191550372778,0.4311,0.222574695684249,0.0418295831796385,0.116340833640723,0.0438214680929546,0.00560678716340834,0.00435263740317226,0.125141776937618,0.05817750074206,49241
"Hood County, Texas","221",60521,0.129244394507692,0.0862907674562445,0.4474,0.217434915424247,0.0637623672092281,0.203414945515889,0.0755254639128254,0.0119454702959012,0.0130853052478001,0.0555073362264931,0.0620951691695314,75851
"Hopkins County, Texas","223",36666,0.175448644520809,0.125155890585594,0.4511,0.290091847516866,0.0577095017475412,0.146671543525969,0.0484841095667723,0.00918475168658051,0.00520198325611639,0.0888985886803434,0.0451652523447968,57745
"Houston County, Texas","225",22288,0.118942928930366,0.18995232856619,0.4952,0.270123033604701,0.0957336108220603,0.100997735202302,0.0331150149966334,0.00648833935239028,0.0027544836873355,0.161838705290358,0.0445859872611465,43644
"Howard County, Texas","227",34620,0.439890236857308,0.159887522887784,0.4315,0.251108764519535,0.088363252375924,0.0922492080253432,0.0302428722280887,0.0100105596620908,0.00464625131995776,0.0892057701873653,0.0538368008646312,60260
"Hudspeth County, Texas","229",3322,0.776941601444913,0.278224101479915,0.4259,0.191118850674793,0.0383108402263822,0.0827165868524162,0.00174140182847192,0,0,0.360184119677791,0.0745098039215686,32404
"Hunt County, Texas","231",98783,0.178725084275634,0.135879338482168,0.4423,0.285736116629481,0.0644273969253339,0.143693266909135,0.0500015281640637,0.00881750664751368,0.00999419297655796,0.124063094305851,0.0542082136217678,61053
"Hutchinson County, Texas","233",20801,0.242440267294842,0.126076022826192,0.4129,0.247106227106227,0.0827838827838828,0.126739926739927,0.0334798534798535,0.00366300366300366,0.00183150183150183,0.0844354018311292,0.0734038226921513,57288
"Irion County, Texas","235",1555,0.263665594855305,0.14983922829582,0.4611,0.21421889616464,0.048643592142189,0.15622076707203,0.00841908325537886,0.0187090739008419,0,0.0620384047267356,0.068814055636896,39770
"Jack County, Texas","237",8494,0.174829291264422,0.154705803150666,0.4565,0.283269961977186,0.0990321465606637,0.0993778085032838,0.0342205323193916,0.00414794331144141,0.0100241963359834,0.133493479752917,0.0656534954407295,56916
"Jackson County, Texas","239",14971,0.337118428962661,0.125426039536469,0.3893,0.265299969852276,0.0652195759220179,0.119083509195056,0.0325595417545975,0.00160787860516531,0.00160787860516531,0.141416100872939,0.0429164743885556,60807
"Jasper County, Texas","241",33369,0.07075429290659,0.242041559885139,0.5102,0.383861171366594,0.0537960954446855,0.0793492407809111,0.0432104121475054,0.00438177874186551,0.0045119305856833,0.137601753287414,0.137178210780828,44356
"Jeff Davis County, Texas","243",2021,0.238990598713508,0.220304568527919,0.4838,0.160026126714566,0.0189418680600914,0.109079033311561,0.131286740692358,0,0.0320052253429131,0.191089108910891,0,38659
"Jefferson County, Texas","245",256755,0.219415396000078,0.181593507011364,0.4798,0.26855892635086,0.0517467914877642,0.129865559231365,0.0443677999108421,0.0100830576476385,0.00717369371905868,0.159890459402055,0.0560317417667553,53613
"Jim Hogg County, Texas","247",4864,0.932976973684211,0.300126103404792,0.4182,0.321442571540572,0.0431203449627597,0.097608780870247,0.0290082320658565,0.00548804390435124,0,0.267744202389318,0.0429874077290491,37342
"Jim Wells County, Texas","249",39203,0.804836364563936,0.212177454695435,0.4614,0.300543825975688,0.0744161868202175,0.120121561100448,0.0293905950095969,0.003478886756238,0.00323896353166987,0.173743669653292,0.043470229665661,47629
"Johnson County, Texas","251",177022,0.228033803708014,0.104083427710739,0.3988,0.286917710274299,0.0658924470251766,0.138397538674871,0.0530918230272566,0.00730597564674784,0.00596264679117736,0.0839858819666749,0.0328590510482606,70767
"Jones County, Texas","253",19721,0.281273769078647,0.124459285118009,0.4019,0.227927063339731,0.159720318069646,0.0975459281601316,0.018371264052646,0.00315327666575267,0.00233068275294763,0.137430939226519,0.0581009296148738,55575
"Karnes County, Texas","255",14823,0.562571679147271,0.182465896255105,0.5298,0.279225908372828,0.0911334913112164,0.113052922590837,0.0370260663507109,0.0084913112164297,0.000691153238546603,0.153689911983751,0.0334138486312399,49526
"Kaufman County, Texas","257",140145,0.236505048342788,0.100181202578708,0.4032,0.244102070293693,0.0533640872904793,0.15552395561577,0.0558161928541837,0.00463548723001646,0.0059231225716877,0.0992011084890342,0.0486695121779431,75187
"Kendall County, Texas","259",43842,0.247525204142147,0.048169690255274,0.4766,0.128862568649507,0.0177330774829617,0.296995963739827,0.135578640905181,0.0266327003242242,0.0159134519949712,0.0290265051349855,0.04222729177336,100706
"Kenedy County, Texas","261",169,0.982248520710059,0.0177514792899408,0.2493,0.0776699029126214,0.0679611650485437,0.0194174757281553,0.0194174757281553,0,0,0.229166666666667,0,42778
"Kent County, Texas","263",632,0.166139240506329,0.130360205831904,0.3649,0.20554272517321,0.0323325635103926,0.150115473441109,0.173210161662818,0,0.0046189376443418,0.0617283950617284,0.00467289719626168,63994
"Kerr County, Texas","265",52411,0.27942607467898,0.115932056776629,0.4598,0.240811186609649,0.0456751580659548,0.190335021119186,0.0724348715796101,0.0110974106041924,0.0175512238633681,0.0759087995604798,0.036675625387637,62204
"Kimble County, Texas","267",4295,0.254249126891735,0.138653483992467,0.5124,0.202366127023661,0.0853051058530511,0.173723536737235,0.0790784557907846,0.0165006226650062,0.0118306351183064,0.0751252086811352,0.0207086976530143,55677
"King County, Texas","269",229,0.349344978165939,0.292576419213974,0.4707,0.355421686746988,0,0.216867469879518,0.0180722891566265,0,0.0180722891566265,0.036144578313253,0.0485436893203883,42125
"Kinney County, Texas","271",3199,0.656767739918725,0.181543624161074,0.3765,0.22562219502244,0.0314157486740106,0.0889432884536924,0.0771113831089351,0.000815993472052224,0,0.19730510105871,0.0154241645244216,58925
"Kleberg County, Texas","273",31015,0.734515556988554,0.285953978906999,0.4748,0.247414433460945,0.0813667790411976,0.153534083766642,0.0583395234558025,0.00788526369921719,0.0100565681961031,0.188424604204516,0.0536680372213807,49986
"Knox County, Texas","275",3384,0.352245862884161,0.0976205003050641,0.4103,0.274945533769063,0.0366013071895425,0.0949891067538126,0.0479302832244009,0.00130718954248366,0.00522875816993464,0.0951239008792966,0.0360419397116645,50163
"La Salle County, Texas","283",6956,0.848044853364002,0.228732207878186,0.4203,0.369541603302194,0.081468607429937,0.0610471431674995,0.0162937214859874,0,0,0.105460385438972,0.0149025601834161,61042
"Lamar County, Texas","277",49932,0.0842145317631979,0.168582375478927,0.4601,0.281260966194877,0.0615861504269505,0.129868990525208,0.0475494209849105,0.0128085156158615,0.00470815300035092,0.126442548921224,0.0332443992715877,51561
"Lamb County, Texas","279",13147,0.56537613143683,0.182710135970334,0.4371,0.306644157723381,0.0528156276377668,0.0968286506692391,0.0208609670806704,0.00422042686603159,0.00458217774026287,0.134665508253692,0.030924191553278,50041
"Lampasas County, Texas","281",21443,0.200298465699762,0.0917897112762156,0.3904,0.234815689361144,0.0753640299094845,0.119637937819756,0.053587826315099,0.00662468844287026,0.00209891118982028,0.106205852674067,0.0665553700612131,66506
"Lavaca County, Texas","285",20287,0.197121309212796,0.0941744642318141,0.4454,0.365602176714879,0.0303594443648862,0.133180581412001,0.039739367034226,0.00508377488185594,0.000859229557496778,0.0805042436345482,0.0316250913265839,57602
"Lee County, Texas","287",17393,0.244178692577474,0.11763669466142,0.3986,0.366154846047607,0.0368023397514014,0.0987082622471362,0.0372085465919246,0.00406206840523194,0.002924689251767,0.128659726740403,0.0278388278388278,60750
"Leon County, Texas","289",15877,0.152799647288531,0.182905225863596,0.4983,0.314932450568131,0.0459872953386419,0.112373624407265,0.0555605260803436,0.00384718618591751,0.000357877784736512,0.0932203389830508,0.0629133979387786,48676
"Liberty County, Texas","291",89948,0.292646862631743,0.149567858821828,0.4374,0.308694213724773,0.0806387017012311,0.0737258179665326,0.0222013268557697,0.00229849030977381,0.000400494523672709,0.15851632476163,0.0809245272303935,53871
"Limestone County, Texas","293",22252,0.226811073161963,0.191284531671472,0.4401,0.280497280497281,0.0688293188293188,0.108715358715359,0.0394327894327894,0.00297850297850298,0.0056980056980057,0.147751339230098,0.0432572848430088,49507
"Lipscomb County, Texas","295",3138,0.337794773741236,0.113688337144724,0.4369,0.269899841855561,0.029520295202952,0.200316288877174,0.0363732208750659,0.0121244069583553,0.00579862941486558,0.0926573426573427,0.0587084148727984,66250
"Live Oak County, Texas","297",11378,0.407101423800316,0.189950857486711,0.4545,0.258622821115095,0.0590925948819384,0.0869081468661145,0.0354802818642601,0.00519223637037953,0.000247249350970454,0.114596836919886,0.0361207323107373,52870
"Llano County, Texas","299",21246,0.112962439988704,0.091479053861499,0.528,0.217904398617237,0.0457742281559185,0.211884610799857,0.0566217665991179,0.0305161521039456,0.00899988079628084,0.0776572668112798,0.0418572735590119,62839
"Loving County, Texas","301",83,0,0.0120481927710843,0.5695,0.173076923076923,0,0,0,0,0,0.0303030303030303,0,NA
"Lubbock County, Texas","303",308580,0.364352842050684,0.176936230779349,0.4847,0.208526661529465,0.0503828308166511,0.199793418916925,0.0802769716743451,0.0187890413654026,0.0224615939534045,0.11140315406389,0.0442364147211128,56529
"Lynn County, Texas","305",5587,0.463755145874351,0.158773362366177,0.4641,0.228287841191067,0.0570719602977667,0.165977391783843,0.0523848910945685,0.00716845878136201,0.00551419906258616,0.118821292775665,0.0325355272999252,49747
"Madison County, Texas","313",13579,0.240592090728331,0.125989152662932,0.4153,0.255237280889269,0.137451902522445,0.0809106455750321,0.0324925181701582,0.0029927319367251,0.00192389910218042,0.149560853199498,0.0728720146968769,59923
"Marion County, Texas","315",9748,0.045137464095199,0.182938192359457,0.4896,0.318930330752991,0.078676988036594,0.122589725545391,0.0280084447572132,0.000562983814215341,0.00225193525686137,0.216798810703667,0.116679516833719,43153
"Martin County, Texas","317",5213,0.46288125839248,0.133075435203095,0.4632,0.26038961038961,0.0733766233766234,0.116883116883117,0.0785714285714286,0.0133116883116883,0.0012987012987013,0.113490364025696,0.0573432343234323,69194
"Mason County, Texas","319",3948,0.197821681864235,0.0487309644670051,0.4535,0.178046989720999,0.026431718061674,0.262481644640235,0.0502936857562408,0.0201908957415565,0.0165198237885463,0.0516778523489933,0.0348970251716247,73186
"Matagorda County, Texas","321",36323,0.438014481182722,0.200311639166365,0.4722,0.235029814394894,0.0614344503233392,0.125934324347023,0.0639959687578735,0.00634080792810952,0.00159570000839842,0.162940230892883,0.063030303030303,48566
"Maverick County, Texas","323",57769,0.951357994772283,0.250425628018484,0.4558,0.198738935370438,0.0645083060506851,0.12404510731175,0.0277070449860555,0.0079725960955499,0.000242512428761974,0.259299039005088,0.0700441454698339,44502
"McCulloch County, Texas","307",7676,0.329468473163106,0.158717434869739,0.4267,0.271089873185076,0.0589965079948539,0.0849108619739019,0.0538503951479507,0.00073515897812902,0.00073515897812902,0.0968769917144678,0.0766531713900135,46552
"McLennan County, Texas","309",258031,0.270161337203669,0.178075786707297,0.4765,0.220809248554913,0.0483452963221749,0.165559296195134,0.0681636282792352,0.0150225497046306,0.0140888013720384,0.126526105696754,0.0469633993785562,53723
"McMullen County, Texas","311",729,0.643347050754458,0.122085048010974,0.4969,0.413721413721414,0.051975051975052,0.0893970893970894,0.0644490644490645,0,0,0.10752688172043,0.0337837837837838,63056
"Medina County, Texas","325",50458,0.528122398826747,0.11939214017314,0.4412,0.256545732065281,0.0639603146647881,0.133791241047317,0.0808383233532934,0.00760244217447458,0.00366913232358812,0.101521025946913,0.0302575202084898,67180
"Menard County, Texas","327",1981,0.354871277132761,0.189008731381613,0.4879,0.189028420356907,0.0654329147389293,0.152676801057502,0.0746860541969597,0.0257766027759418,0.0185062789160608,0.0530973451327434,0.0858050847457627,40341
"Midland County, Texas","329",166964,0.463399295656549,0.110880333288927,0.4629,0.185230816617256,0.0571458822623494,0.202835637007662,0.0675605436414738,0.0117044623262619,0.00561159665806799,0.0581677321827859,0.0326961770623742,88210
"Milam County, Texas","331",24895,0.27133962643101,0.161585989606776,0.4724,0.344109621544667,0.0654881955154823,0.111757029303595,0.0372523431011982,0.00901649068691423,0.00403369320204057,0.127310061601643,0.0632866513029605,52810
"Mills County, Texas","333",4520,0.238938053097345,0.0847496554892053,0.4641,0.247784997046663,0.0614294152392203,0.166863555818074,0.04873006497342,0.0109273479031305,0.0209686946249262,0.109144542772861,0.0242814667988107,53483
"Mitchell County, Texas","335",8903,0.406829158710547,0.099106644332775,0.454,0.351097766935635,0.0818164758866579,0.0831300431600676,0.0135109776693564,0.00262713454681929,0,0.107617360496014,0.019941348973607,50144
"Montague County, Texas","337",19850,0.114256926952141,0.124251267086469,0.4202,0.317729582707036,0.0493880180373631,0.124114236633026,0.0311359244148594,0.013671176007444,0.00608403120750125,0.0876834716017869,0.069713758079409,59127
"Montgomery County, Texas","339",607999,0.252447783631223,0.0884104541913845,0.4702,0.186345801463399,0.0447339515032387,0.243650101422428,0.0871529078199582,0.0187612639220191,0.0141790313215581,0.0647792169011982,0.04568569715893,88597
"Moore County, Texas","341",21494,0.576579510561087,0.11726659167604,0.3872,0.275908801020408,0.0361128826530612,0.0919961734693878,0.0348373724489796,0.00079719387755102,0.00183354591836735,0.0658639199187582,0.0203010497128144,55543
"Morris County, Texas","343",11988,0.106606606606607,0.145581474544526,0.4109,0.347857838364168,0.0720545277507303,0.070715676728335,0.0468597857838364,0.000486854917234664,0.0104673807205453,0.176421404682274,0.0570993528740008,46468
"Motley County, Texas","345",1269,0.133963750985028,0.0724980299448384,0.4243,0.263904034896401,0.0283533260632497,0.16793893129771,0.0479825517993457,0,0,0.117903930131004,0.0361635220125786,59286
"Nacogdoches County, Texas","347",64822,0.200641757428034,0.231413981926294,0.5237,0.24984056122449,0.0551658163265306,0.154947916666667,0.058328018707483,0.0151201105442177,0.0185746173469388,0.17903966251706,0.0744058321618883,47306
"Navarro County, Texas","349",51908,0.287893966247977,0.140854761343084,0.4505,0.237342054407611,0.0631187750854764,0.112828898468857,0.0425746989742827,0.00651107477330162,0.00457856399583767,0.140552209976139,0.0508609160815781,50466
"Newton County, Texas","351",12532,0.0410947973188637,0.239504974520747,0.4847,0.398477445744802,0.0326099306896944,0.0644244972162254,0.0161345301670265,0.00113623451880468,0.00124985797068515,0.139593908629442,0.103719325153374,38116
"Nolan County, Texas","353",14727,0.390439329123379,0.162251655629139,0.4955,0.2536354056902,0.0766069546891465,0.110853530031612,0.0455216016859852,0.00421496311907271,0.00252897787144362,0.174837779379957,0.0795060984791447,44700
"Nueces County, Texas","355",353594,0.646368433853516,0.171839876872872,0.4618,0.239273848971992,0.0544699676411756,0.142620762354893,0.0550661649392786,0.0128268824497661,0.00893431893099232,0.173660903384805,0.0597938630906377,59477
"Ochiltree County, Texas","357",10063,0.556295339362019,0.120240480961924,0.4082,0.268790443006471,0.0660361705657873,0.126099220175875,0.0499419279907085,0.00647088103534097,0.00580720092915215,0.094868238557559,0.0192498511609446,57413
"Oldham County, Texas","359",2251,0.234562416703687,0.121599111604664,0.4237,0.275704493526276,0.0373191165270373,0.17974105102818,0.0396039603960396,0.00380807311500381,0.0152322924600152,0.0200617283950617,0.0151821862348178,68077
"Orange County, Texas","361",85045,0.0851901934270092,0.119994767324319,0.4405,0.316973379223151,0.0436187399030695,0.123937627309124,0.032678935168926,0.00493432605183676,0.00609327807824682,0.13533098315707,0.0537249639679936,68756
"Palo Pinto County, Texas","363",28303,0.203229339645974,0.139005113900511,0.4395,0.301818557553213,0.0636495143624716,0.114899772680306,0.0497520148791073,0.00821450712957223,0.0018598884066956,0.115188288548589,0.0688271604938272,59796
"Panola County, Texas","365",22583,0.0912190585838905,0.135558767729696,0.4672,0.239567031820553,0.0625326030255608,0.100547730829421,0.0251043296817945,0.0060641627543036,0.00339071465832029,0.12900073295871,0.0280089303836006,54853
"Parker County, Texas","367",144803,0.132538690496744,0.0778558468942424,0.4225,0.217052915788828,0.0561578269140297,0.188263208492708,0.0814191331383338,0.0126511076111191,0.00695452964879625,0.0554954245793565,0.0432343972920805,88535
"Parmer County, Texas","369",9874,0.647255418270205,0.108986811164503,0.4013,0.225453961112004,0.0377631367507633,0.135625903904869,0.0297284268037924,0.0078740157480315,0.00690985055439499,0.0558007566204288,0.0222359481161211,62885
"Pecos County, Texas","371",15202,0.694053414024471,0.218926663052738,0.4983,0.29043392504931,0.0863905325443787,0.0707100591715976,0.0225838264299803,0.018836291913215,0.00266272189349112,0.132932932932933,0.0131708923279552,55652
"Polk County, Texas","373",49372,0.155229684841611,0.158918189142695,0.4437,0.278026905829596,0.0961322869955157,0.0916199551569507,0.0310257847533632,0.00490470852017937,0.00308295964125561,0.162966878083157,0.0945898778359511,52826
"Potter County, Texas","375",119043,0.393992086892971,0.204500490152393,0.4873,0.235337699278957,0.0791956075940994,0.111172851756301,0.0329165839783026,0.00906264470463716,0.00510683336640868,0.139735053244554,0.035827918008446,45096
"Presidio County, Texas","377",6328,0.800410872313527,0.338921398070536,0.5744,0.0909765142150804,0.03831891223733,0.118170580964153,0.0491965389369592,0.0103831891223733,0,0.347152619589977,0.0783905653832813,26395
"Rains County, Texas","379",12013,0.0949804378589861,0.116171783257843,0.4785,0.299283154121864,0.0653001792114695,0.124551971326165,0.0570116487455197,0.00515232974910394,0.00168010752688172,0.126935659760087,0.0386781825009388,55758
"Randall County, Texas","381",139176,0.232971201931367,0.0974891165735896,0.4377,0.186194813533131,0.049916751003885,0.217165616532271,0.0744888076349667,0.0149521726355653,0.0156159881601428,0.0628120411160059,0.0315643099188616,70544
"Reagan County, Texas","383",3363,0.693725840023788,0.0817855002995806,0.3694,0.383298755186722,0.0497925311203319,0.0840248962655602,0.0482365145228216,0.00518672199170124,0,0.0860617399438728,0.0635978195033313,62829
"Real County, Texas","385",2852,0.231065918653576,0.260983852797597,0.497,0.291267036850076,0.0888440181726401,0.109540636042403,0.04442200908632,0,0.0060575466935891,0.136618141097424,0.0141304347826087,44083
"Red River County, Texas","387",11685,0.0759092854086436,0.214018935116824,0.4468,0.345621583905105,0.06744970345389,0.100476799627864,0.0387254331899058,0.00325619258053262,0.00488428887079893,0.130037028969723,0.0430491390172197,40674
"Reeves County, Texas","389",14584,0.750548546352167,0.174457367212386,0.4462,0.302409390444811,0.0813426688632619,0.0693986820428336,0.0234761120263591,0.00154448105436573,0.00102965403624382,0.152334152334152,0.0652173913043478,53548
"Refugio County, Texas","391",6822,0.512459689240692,0.15545903849034,0.4368,0.34984126984127,0.0556613756613757,0.0725925925925926,0.0275132275132275,0.00275132275132275,0.00105820105820106,0.141617176793056,0.0559886605244507,50745
"Roberts County, Texas","393",724,0.138121546961326,0.11830985915493,0.4117,0.3125,0.025,0.153571428571429,0.0660714285714286,0,0.0392857142857143,0,0,62717
"Robertson County, Texas","395",16839,0.217768276025892,0.157768302204072,0.4634,0.331122938661548,0.0520896954890498,0.117354506587558,0.0498211325364279,0.00715469854288456,0.00392635895646104,0.168145800316957,0.0944257891202149,55709
"Rockwall County, Texas","397",105227,0.188288176988796,0.0392297606400796,0.4144,0.15078474519462,0.0287667040701826,0.279418836799231,0.111481907870768,0.0244823013363256,0.0223838183646406,0.0380196248357608,0.0361292632709695,111595
"Runnels County, Texas","399",9887,0.351269343582482,0.131408920383493,0.4359,0.310577204805157,0.0445355991796074,0.129797831819514,0.0398476413712277,0.00483445648989159,0.0017579841781424,0.106780565936999,0.0197152245345016,52103
"Rusk County, Texas","401",52542,0.175535761866697,0.117105482419597,0.4581,0.251810940578946,0.0795426160805973,0.103605228830729,0.0507063362104854,0.00235907968138547,0.00291415725347617,0.117014046216584,0.0608314345900864,60330
"Sabine County, Texas","403",9974,0.0484259073591337,0.194788075441087,0.5439,0.278818253758903,0.0720126615668689,0.10630440517014,0.0615932471643366,0.0147718280137167,0.00224215246636771,0.126708362288626,0.102239245727755,41308
"San Augustine County, Texas","405",7964,0.0763435459568056,0.250710410746577,0.4617,0.393485005170631,0.0387797311271975,0.0737676663219579,0.0391244398483282,0.00568769389865564,0.00206825232678387,0.19008525418377,0.113643871820284,43130
"San Jacinto County, Texas","407",27380,0.142841490138787,0.16997427416391,0.4485,0.298096374293272,0.0927433995539188,0.0869858395144976,0.0277504019918046,0.0132268271175891,0.0152497536179262,0.154904242937255,0.0772484826190914,46678
"San Patricio County, Texas","409",68600,0.585379008746356,0.15669578843112,0.462,0.260130098929394,0.0620680308984957,0.110064597732303,0.0454442788092334,0.00587252111848941,0.00447215069792655,0.184811827956989,0.0430841980822278,59532
"San Saba County, Texas","411",5775,0.307186147186147,0.1099609375,0.4329,0.291529709228824,0.0912768647281922,0.14007585335019,0.02275600505689,0.00379266750948167,0.00303413400758534,0.0918367346938776,0.0337381916329285,46927
"Schleicher County, Texas","413",2547,0.542991755005889,0.117000392618767,0.4007,0.263096623981374,0.019790454016298,0.124563445867288,0.0343422584400466,0.00873108265424913,0,0.0453001132502831,0.163891323400526,61094
"Scurry County, Texas","415",16985,0.416131881071534,0.132079247548529,0.4182,0.223890101892285,0.103620815138282,0.116903202328967,0.0263828238719068,0.0115538573508006,0.0027292576419214,0.0614431608906747,0.0291290416545296,53376
"Shackelford County, Texas","417",3145,0.119554848966614,0.10632830067459,0.466,0.188749418874942,0.0334728033472803,0.225941422594142,0.0822873082287308,0.00650860065086007,0.0134821013482101,0.0598896769109535,0.0720203951561504,54896
"Shelby County, Texas","419",24254,0.188092685742558,0.236369680851064,0.4656,0.298531087754844,0.0557173610231734,0.105293149297201,0.0307078637457262,0.00525516018741294,0.000633151829808788,0.177118453585075,0.0596727622714148,44504
"Sherman County, Texas","421",2357,0.452269834535426,0.11632916846187,0.5881,0.201138519924099,0.0208728652751423,0.150537634408602,0.0518659076533839,0,0,0.0160493827160494,0.0183566433566434,55667
"Smith County, Texas","423",231429,0.201249627315505,0.136343910798579,0.4646,0.195900026973507,0.0455260162762087,0.186709297965145,0.0633351096374366,0.018190669798225,0.0114670298221722,0.0954692357791514,0.048897888136978,62518
"Somervell County, Texas","425",9170,0.180479825517993,0.108135252761969,0.3964,0.25702312587304,0.0695328263231414,0.208908893372653,0.0401986652180661,0.0251435666614931,0.00760515287909359,0.0895568639603347,0.0539428571428571,89253
"Starr County, Texas","427",65568,0.963290019521718,0.32607091238968,0.5075,0.224559190501001,0.0400910412153454,0.0918364548770121,0.0266542353360573,0.00175501138015192,0.00249540680615351,0.390827463842142,0.12103042416167,33334
"Stephens County, Texas","429",9142,0.246116823452199,0.149547692660025,0.4869,0.264489273134806,0.079570925392251,0.141210374639769,0.0284982388728786,0.00528338136407301,0.0110470701248799,0.119940915805022,0.0652009097801365,46537
"Sterling County, Texas","431",1391,0.363767074047448,0.0448199853049229,0.4067,0.457142857142857,0.00869565217391304,0.116770186335404,0.022360248447205,0.0397515527950311,0.00869565217391304,0.110831234256927,0,55481
"Stonewall County, Texas","433",1358,0.253313696612666,0.0718608169440242,0.4059,0.359649122807018,0.0238095238095238,0.105263157894737,0.0413533834586466,0,0,0.133474576271186,0.0210526315789474,62273
"Sutton County, Texas","435",3417,0.702077846063799,0.121542083578576,0.3968,0.313286713286713,0.027039627039627,0.120745920745921,0.0675990675990676,0.00326340326340326,0,0.0818505338078292,0.0408163265306122,61538
"Swisher County, Texas","437",7055,0.451594613749114,0.24910477969796,0.4513,0.288855356757922,0.0530286699719767,0.131278292735503,0.0280232808794999,0.00258676438887691,0.00129338219443846,0.102543399273314,0.0621387283236994,39685
"Tarrant County, Texas","439",2091953,0.295051083843662,0.112727024476593,0.4543,0.197495736009023,0.0392747539805293,0.222547286304811,0.0852100215111569,0.0157765809809295,0.0104013906142449,0.101361982362896,0.0505081926624725,73545
"Taylor County, Texas","441",141739,0.253042564149599,0.140229749544996,0.4505,0.234509957678425,0.0609684375612625,0.173945131865724,0.0771936298534313,0.0181048698640405,0.00937532433086938,0.125215792238985,0.0275426202709014,57811
"Terrell County, Texas","443",979,0.541368743615935,0.0510725229826353,0.3562,0.232098765432099,0.0407407407407407,0.161728395061728,0.0382716049382716,0,0.00617283950617284,0.0117370892018779,0,47012
"Terry County, Texas","445",11937,0.561866465611125,0.222710163111669,0.4509,0.234743694060212,0.0831299159208028,0.0781122864117168,0.021697857336588,0.0141036072687822,0.00339029020884188,0.182998530132288,0.0795066413662239,47734
"Throckmorton County, Texas","447",1426,0.132538569424965,0.180224403927069,0.4968,0.279601990049751,0.0706467661691542,0.166169154228856,0.0527363184079602,0.00995024875621891,0.00298507462686567,0.105177993527508,0.0593792172739541,47500
"Titus County, Texas","449",31327,0.444057841478597,0.169437999484403,0.4198,0.307603927303113,0.0654376436181324,0.125600584917485,0.0369229162314602,0.00464800501357844,0.00198454146647169,0.164257555847569,0.0499790297777156,53818
"Tom Green County, Texas","451",119048,0.411800282239097,0.11810270801427,0.4505,0.233028387451412,0.06206237648383,0.170468674336121,0.0623895716361066,0.0099729082413915,0.0081406153886424,0.0871602624179944,0.0374179879715692,62052
"Travis County, Texas","453",1267795,0.336331189190681,0.112275572028679,0.477,0.130414563602337,0.0268315091022515,0.330444053762831,0.14014064538082,0.0329892814608972,0.023418590143481,0.0633611226170543,0.0429993181912187,85043
"Trinity County, Texas","455",13695,0.111062431544359,0.167505551443375,0.4612,0.320377623782264,0.0699005724615848,0.0976197649894547,0.0306317163804359,0.00532288842020689,0,0.146623575438,0.0840450310559006,45392
"Tyler County, Texas","457",20032,0.0831669329073482,0.19054312380524,0.4366,0.297625698324022,0.096159217877095,0.10677374301676,0.0358240223463687,0.00174581005586592,0.0032122905027933,0.153716475095785,0.161989100817439,49130
"Upshur County, Texas","459",40781,0.0900174100684142,0.15460256760448,0.4536,0.263880425821714,0.0749489229004624,0.126850424746407,0.0388902828058353,0.00476719595684433,0.00225814545324205,0.129939626783754,0.0478607686729514,55046
"Upton County, Texas","461",3340,0.562574850299401,0.16859756097561,0.4197,0.304132973944295,0.0606469002695418,0.078167115902965,0.041329739442947,0,0,0.0654008438818565,0.051930758988016,58333
"Uvalde County, Texas","463",24918,0.722730556224416,0.192405582922824,0.4861,0.23478883321403,0.0604542200819939,0.140365718747966,0.0333181492809267,0.00416476866011583,0.00637730201080237,0.214320038443056,0.0504746257758306,51602
"Val Verde County, Texas","465",47767,0.82571649883811,0.171159176724796,0.4351,0.192327702819881,0.0646873157365336,0.119246644237106,0.0576809684020672,0.0129027782595123,0.00582706114945718,0.183884553449771,0.0438028870084619,51949
"Van Zandt County, Texas","467",58782,0.118420604947093,0.121108462043468,0.458,0.264476546650045,0.0579061866001809,0.126127447385789,0.0429224413971792,0.00383759868983892,0.00393537190486666,0.112940536127364,0.0369069912609238,61121
"Victoria County, Texas","469",91280,0.480148992112182,0.161901677425119,0.4437,0.252035789685332,0.0540531483529372,0.13595388894474,0.0391407794644952,0.0106397238698435,0.00780804932810563,0.137964288845378,0.0461545460749301,60598
"Walker County, Texas","471",76506,0.183266671895015,0.206143976720347,0.469,0.265663304263955,0.124020415544749,0.134670256801833,0.0467588313306273,0.00797733392275851,0.0112124743800989,0.0843145500420521,0.0460020073603212,44104
"Waller County, Texas","473",55505,0.311395369786506,0.124165424883401,0.4507,0.271678523360892,0.0345446388515029,0.170480035890534,0.067487021726591,0.0104467089662244,0.00371723386528232,0.0879902811523776,0.0455608820709492,65379
"Ward County, Texas","475",11375,0.552,0.137423530454828,0.504,0.305770040713183,0.0464691843324442,0.0864804155552436,0.0174083953390425,0.00238663484486874,0.00252702512986101,0.140497790183764,0.0574374079528719,66216
"Washington County, Texas","477",35561,0.167880543291808,0.0977251071939019,0.4833,0.287443776535374,0.033418807011644,0.183866492916894,0.058178149564925,0.0222792046744294,0.0162680230358569,0.0732777218466849,0.0481295886260343,65913
"Webb County, Texas","479",266963,0.954791487959006,0.229081244391945,0.4587,0.199526323184072,0.0366296690283604,0.137379657320247,0.0436946791642414,0.00988833805003044,0.00333179455271662,0.244006456099833,0.0578013818706817,54618
"Wharton County, Texas","481",41602,0.426133358973126,0.145186487014255,0.4732,0.238116558465786,0.0533542272964704,0.129691814043728,0.0442504290724573,0.00615625699574659,0.00611894634728752,0.158695217130278,0.0600272851296044,53963
"Wheeler County, Texas","483",5091,0.255745433117266,0.174120453190221,0.4394,0.260205580029369,0.0787077826725404,0.143906020558003,0.0261380323054332,0.000587371512481645,0.00381791483113069,0.157105943152455,0.0384158415841584,52138
"Wichita County, Texas","485",129419,0.200171535864131,0.165508354452128,0.4552,0.250714690662582,0.077922391228303,0.150947492853093,0.0611075594369323,0.00954127112408477,0.00909496640652329,0.130093620907977,0.0468132536224541,53272
"Wilbarger County, Texas","487",12887,0.302552960347637,0.181399110392236,0.411,0.24315343187808,0.0883465108284634,0.115159848745273,0.0238340781482755,0.0087086054772545,0.00550017188037126,0.174007849978195,0.0868187579214195,45262
"Willacy County, Texas","489",20423,0.882436468687264,0.259733472694016,0.4776,0.307840418977203,0.0714725816389402,0.0639248305606901,0.0253388786198398,0.00454405422057917,0.00215650030807147,0.273454951600894,0.0793578503928043,39401
"Williamson County, Texas","491",591759,0.249677655937637,0.0629795886393902,0.3987,0.156600876693757,0.0302213993206003,0.291355232971375,0.123311302165934,0.0178829338129096,0.0154774642151618,0.0517402883644044,0.0452418532104971,94705
"Wilson County, Texas","493",49374,0.404747437922793,0.0980480603625031,0.4418,0.273602336392895,0.0546847061628323,0.17177255930385,0.0564727619501728,0.00604958874716891,0.00584098223864585,0.0870847837630539,0.0388926344176639,84042
"Winkler County, Texas","495",7629,0.622099882029099,0.121533766750697,0.3823,0.227429805615551,0.0747300215982721,0.083585313174946,0.0123110151187905,0.00302375809935205,0.00259179265658747,0.0848329048843188,0.0215304044224614,67904
"Wise County, Texas","497",67877,0.200436082914684,0.099883037428023,0.415,0.280076133802971,0.0586099017698921,0.133890481086876,0.0376512284232864,0.00651950381762891,0.00901354219081581,0.0926430517711172,0.046190918592498,75482
"Wood County, Texas","499",44615,0.105121595875827,0.136020854669025,0.4608,0.255090042700662,0.0666501639952967,0.125812240856489,0.0533758277121109,0.0170493223590569,0.00807599480165852,0.111521838034577,0.0457545586754671,58418
"Yoakum County, Texas","501",7707,0.677955105748021,0.112884390813546,0.4079,0.224259219782562,0.0720528671924963,0.0952888509912599,0.00660839906203368,0.00575570240886805,0,0.10365398956003,0.0357350377687391,73102
"Young County, Texas","503",17894,0.193863864982676,0.141802487364416,0.4596,0.257646490663232,0.0573889246619446,0.180135222150676,0.0625402446877012,0.0124758531873793,0.00160978750804894,0.133891213389121,0.0327603388141505,52074
"Zapata County, Texas","505",13945,0.948153460021513,0.351573779959573,0.5539,0.292169056986927,0.0343952278207894,0.104835639040487,0.0102804924482802,0.00406142911536997,0,0.284054669703872,0.0831768681937664,34406
"Zavala County, Texas","507",9900,0.939494949494949,0.297319335439812,0.3776,0.215196328403876,0.0982491925888152,0.0895801461839198,0.0547339792622812,0.00203977562468129,0.00135985041645419,0.307896287566293,0.0366589327146172,44573
